customer_name,phonenumber,id,name,quantity,vat,item_type,item_total,time_stamp
Sarah,0016048764759x38242,TI4669,Advanced Ultra 326,2,18.22,tire,6979.4,2024-12-25 00:04:31
Katelyn,+14892411578x156,WH8331,Elite QUT 256,7,17.81,wiringharness,14499.55,2025-01-05 11:49:19
Emily,+13877840801x6097,SU4292,Turbo Ultra 540,6,18.02,suspension,14697.38,2024-12-25 10:15:17
Samantha,3513933287x11587,WH6524,Basic Ultra 825,1,16.98,wiringharness,3592.95,2024-12-26 08:26:11
Ashley,+14185839894,WH5747,Basic Ultra 499,1,16.66,wiringharness,479.49,2025-01-09 08:55:40
Jill,+16593423209x471,DT9077,Pro Prime 528,4,16.56,decalandtint,2474.21,2024-12-29 15:19:50
Ann,0012201868483x39694,EN9257,Turbo Ultra 969,10,17.84,engine,15283.4,2024-12-13 20:05:01
Joanne,+15159179533x04135,TI3368,Turbo QUT 533,2,16.61,tire,8868.27,2024-12-21 14:03:13
Rebecca,6012309891x01399,SU1484,Elite QUT 650,3,17.57,suspension,353.14,2025-01-09 05:58:38
David,5109032173,IN5280,Basic QUT 852,5,17.84,infotainment,17152.54,2024-12-24 07:43:01
Jessica,0869141314,DT2971,Elite Ultra 675,5,16.93,decalandtint,3311.04,2024-12-23 07:30:15
Hayley,(087)0916345,BR8151,Advanced Ultra 205,7,17.62,brake,10357.13,2025-01-12 03:48:03
Rebecca,923.022.5841x9720,WH8866,Advanced QUT 272,7,16.55,wiringharness,7112.16,2024-12-25 01:25:02
Thomas,(984)5642807x15084,SC8476,Turbo X 705,10,17.6,seatandcover,44573.87,2025-01-05 08:07:08
Brandy,0017594599246x61093,BA5891,Advanced X 974,6,17.81,battery,14654.84,2024-12-16 11:09:09
Holly,(337)6960696,SC2447,Pro X 951,1,16.62,seatandcover,500.04,2025-01-02 12:36:59
Kelsey,0010271427878x900,DT8852,Turbo Prime 117,1,18.38,decalandtint,3499.76,2024-12-27 09:17:44
Troy,7063812066x5030,PA8101,Advanced X 807,1,18.12,paint,860.44,2024-12-17 20:57:39
Michelle,8913193442,DT2441,Elite QUT 429,4,17.88,decalandtint,6565.11,2024-12-28 00:54:55
Craig,(104)7142851x2400,BR5900,Elite QUT 183,6,18.19,brake,9483.71,2024-12-17 23:59:36
Amanda,+14855909776x58236,BR7945,Elite Prime 437,9,18.08,brake,25590.58,2025-01-04 02:57:04
Brenda,2245551590,TI8004,Basic QUT 701,2,17.78,tire,5734.51,2024-12-25 01:14:44
Blake,(294)5682417,PA7145,Advanced Ultra 667,9,18.14,paint,36401.03,2024-12-16 02:31:22
Monica,4281465461,WH8040,Elite Max 941,6,18.32,wiringharness,11287.01,2025-01-01 15:23:27
Cory,755.171.7604x5229,EN9284,Advanced Prime 512,3,17.83,engine,1674.99,2024-12-19 04:24:55
Nicholas,+11113306016x8847,PA2782,Turbo X 362,6,17.98,paint,27249.63,2025-01-10 06:33:36
Tami,0013615349263,WH4427,Advanced Max 511,2,17.2,wiringharness,9537.76,2025-01-05 12:46:26
Michael,0873176430,SC9989,Pro Max 812,2,18.48,seatandcover,2207.78,2024-12-21 20:15:17
Wendy,921.376.5821,BA2224,Advanced QUT 105,10,17.38,battery,48460.43,2024-12-14 18:18:38
Virginia,296.687.5773x8930,DT4526,Turbo QUT 837,4,16.53,decalandtint,16744.97,2025-01-07 06:51:41
Gina,0015508249269x4711,PA8840,Turbo Max 487,5,16.75,paint,1016.69,2024-12-21 19:43:21
Kellie,1320407522,EN6183,Pro Ultra 498,3,17.08,engine,8295.84,2025-01-01 03:27:22
Misty,586.880.9189x163,EN7127,Turbo X 250,8,17.65,engine,29161.28,2025-01-13 03:27:47
Keith,+16769930024x894,SC9359,Turbo Prime 817,10,16.51,seatandcover,49088.65,2024-12-25 20:32:02
Faith,446.660.2234x5007,DT3460,Elite QUT 914,9,16.94,decalandtint,6551.09,2024-12-29 21:27:07
Jennifer,912.560.9767x0172,WH9251,Basic Max 297,6,17.71,wiringharness,13135.11,2024-12-24 14:45:40
Andrew,+19251853671x097,BR3235,Advanced X 469,5,17.24,brake,21396.98,2025-01-07 22:38:01
Lisa,1942641830x67537,BR7688,Pro QUT 380,1,16.52,brake,1158.27,2025-01-09 09:42:01
Heather,+11007408993x3188,DT6166,Elite Ultra 140,6,17.36,decalandtint,23279.32,2024-12-24 17:33:38
Robert,1269611611x6207,TR8709,Advanced Ultra 317,5,18.23,transmission,5207.19,2025-01-10 20:49:40
Jessica,(075)4151150x55203,TI2465,Advanced QUT 265,1,18.26,tire,2065.94,2024-12-26 08:16:14
Sabrina,9230310450,SC7195,Turbo Max 544,2,17.92,seatandcover,1186.35,2025-01-04 07:08:04
Sarah,227.175.4203,PA1714,Turbo QUT 159,5,16.99,paint,22147.01,2025-01-06 07:01:54
Michael,448.529.1189x4262,EN6732,Pro QUT 830,7,17.27,engine,29695.18,2025-01-08 23:50:14
Theresa,583.324.5602,WH2672,Turbo Max 844,4,17.68,wiringharness,14366.46,2024-12-30 11:14:37
Lindsay,(112)6486296x4513,DT6195,Elite Max 227,9,16.99,decalandtint,3816.64,2024-12-28 07:58:29
Jill,(806)6065735x471,TR3127,Elite Max 256,3,18.42,transmission,13020.45,2024-12-24 22:34:30
Stephanie,4189276266,EN7450,Elite Max 954,4,17.12,engine,5307.94,2024-12-15 08:46:36
Carrie,582.571.7340x797,BA2209,Basic QUT 709,9,16.95,battery,23420.48,2025-01-02 21:41:49
Alan,1489267173x8640,SC3002,Basic QUT 868,9,17.28,seatandcover,12796.42,2024-12-17 09:38:26
Barbara,+10046896714x54391,IN2069,Elite Max 438,7,17.72,infotainment,1024.08,2024-12-19 15:52:32
Austin,4851832164x482,DT4198,Advanced Ultra 821,7,17.15,decalandtint,10999.88,2024-12-22 23:36:29
Laura,+13816864475x9221,WH2839,Turbo Max 714,8,17.16,wiringharness,27126.32,2024-12-22 23:28:57
Melissa,(697)2845763x7785,BA2890,Elite Max 135,7,17.98,battery,21035.17,2024-12-25 13:17:20
Katherine,7427093057,EN2691,Turbo Prime 250,10,17.05,engine,30663.69,2025-01-06 21:39:09
Jeanne,8116050190,SC9419,Advanced Max 944,1,16.9,seatandcover,3591.99,2025-01-09 17:51:29
Yvonne,+14329431675x6256,SU6441,Advanced Max 204,4,18.06,suspension,13661.44,2025-01-12 15:30:12
Maria,+16272852327x56676,IN1974,Turbo X 903,6,16.95,infotainment,28269.65,2025-01-10 01:18:03
Monica,739.060.3125,BR1216,Pro X 167,3,17.11,brake,3301.91,2025-01-07 16:22:52
Amy,+12394918456x7088,TR7250,Pro Max 630,2,17.49,transmission,4465.89,2025-01-07 00:31:28
Sarah,(977)4735400x02504,BR5299,Elite Max 761,4,16.61,brake,9655.17,2024-12-21 01:17:51
Mary,(163)9683735,EN6366,Advanced Ultra 696,10,16.5,engine,21710.64,2025-01-10 09:03:52
Charlene,+11558754080x351,TR8055,Pro Max 875,1,17.0,transmission,4131.98,2025-01-12 13:07:36
Christine,533.444.8647x53048,BR5814,Pro QUT 714,2,16.97,brake,3500.15,2024-12-17 09:50:20
Andrea,770.677.7111x312,IN5360,Advanced Max 678,6,17.27,infotainment,29154.36,2024-12-20 04:10:08
Robert,791.686.0237,SC7180,Basic Prime 593,3,16.72,seatandcover,11106.33,2024-12-23 14:31:10
Connie,5561849834x789,WH7431,Pro Prime 363,2,17.25,wiringharness,6228.72,2024-12-13 14:50:04
Steven,+14430191263x3408,TI3620,Pro Max 680,8,16.68,tire,34866.37,2025-01-12 01:33:09
Zachary,1641953843,SU3216,Advanced Prime 174,2,18.04,suspension,5420.07,2024-12-17 01:58:47
Natalie,184.535.7492,BA2660,Elite Ultra 835,9,16.67,battery,41607.23,2025-01-12 17:33:29
Derrick,8855902622,BR6482,Turbo Max 879,8,16.59,brake,18575.39,2024-12-16 20:35:39
Kayla,2379332365,WH8863,Pro X 498,10,17.87,wiringharness,21737.25,2025-01-04 06:44:05
Charlotte,(719)0895774,PA1970,Pro QUT 514,7,18.41,paint,16649.48,2024-12-20 10:13:22
Alexander,827.785.1429,TI8060,Advanced Ultra 108,8,18.45,tire,5508.3,2024-12-18 23:43:18
Jennifer,546.030.5357,DT3450,Pro Ultra 217,1,18.22,decalandtint,3826.85,2025-01-07 15:01:15
Mary,+13452405980x25070,DT9586,Pro Ultra 480,7,17.85,decalandtint,14604.56,2024-12-26 23:29:38
Angel,0351056237,PA4984,Pro QUT 318,1,16.58,paint,4647.84,2025-01-10 06:26:32
Jessica,(425)6606488x709,BR7493,Turbo Ultra 346,3,16.56,brake,6313.16,2024-12-26 02:07:25
Sandra,(620)8298215x32302,TR4268,Elite Max 296,6,18.17,transmission,2861.9,2024-12-16 13:10:15
Natalie,+18216919729x90456,WH1842,Advanced Max 354,10,17.45,wiringharness,45643.7,2025-01-08 06:00:56
Alyssa,7154273852,BA6834,Pro Max 614,9,18.13,battery,26978.24,2024-12-24 23:01:37
Jill,(547)6048487x0898,PA9389,Pro Max 441,8,17.25,paint,5635.01,2025-01-09 02:38:27
Jose,+10761657004x04943,EN5244,Elite Prime 869,3,17.17,engine,1453.62,2024-12-27 20:29:38
Pamela,564.319.5398x52250,PA1565,Advanced Max 760,5,18.04,paint,3701.66,2025-01-10 13:14:33
Brenda,9255445769,SC4554,Pro Prime 591,2,17.25,seatandcover,4675.63,2024-12-29 06:13:12
Jessica,(029)0725074,PA2556,Elite X 541,3,16.83,paint,5867.64,2024-12-21 14:23:32
Nicole,186.428.2129,BA6117,Elite QUT 792,7,18.37,battery,21613.39,2024-12-15 23:28:41
Ashley,896.644.4064x48885,TR4514,Advanced QUT 937,6,16.73,transmission,29842.79,2025-01-01 15:31:30
Veronica,620.829.6570,PA7494,Basic Max 888,9,17.69,paint,32845.08,2025-01-04 22:41:40
Kristina,(930)5823570x39342,SC2995,Turbo Prime 490,3,17.96,seatandcover,6972.39,2025-01-12 21:36:30
Sierra,(197)3781327x16644,EN6210,Elite Max 772,4,16.57,engine,19054.62,2025-01-03 19:04:10
Samuel,0015951407043x66660,IN9487,Turbo Max 609,9,16.52,infotainment,15358.43,2024-12-13 12:41:30
Lauren,(929)4506782x019,PA9697,Turbo X 303,8,16.97,paint,37166.26,2024-12-21 05:53:30
Sharon,(013)1870505x624,EN6750,Turbo X 522,7,16.54,engine,21230.33,2025-01-04 07:07:05
Richard,(926)4802227,BA8859,Elite QUT 583,7,16.83,battery,6929.73,2024-12-27 08:13:40
Janet,0010808625911x824,PA7505,Elite QUT 210,5,16.9,paint,14521.85,2025-01-03 21:58:11
James,5448727820x928,WH8200,Pro Ultra 322,8,18.37,wiringharness,8763.13,2025-01-08 12:44:12
Arthur,0015137937825x27808,BR6183,Pro X 264,10,16.81,brake,20628.05,2025-01-06 23:21:44
Christopher,501.169.5975x68512,TR3851,Pro QUT 769,2,17.06,transmission,3139.88,2025-01-12 11:19:02
Emily,2205930604,TR6401,Turbo X 318,1,16.8,transmission,4229.22,2024-12-20 00:56:11
Rebecca,9251607599,TR7975,Advanced QUT 502,4,17.16,transmission,15574.63,2025-01-03 19:00:47
Katherine,+14976207436x15110,SC2620,Turbo X 732,1,17.86,seatandcover,853.36,2025-01-03 22:21:55
Heather,(690)5787710,TI2219,Pro QUT 353,2,16.84,tire,2811.72,2025-01-10 13:37:53
Amanda,(408)1155170x2840,IN4572,Advanced QUT 384,5,17.95,infotainment,2385.87,2024-12-25 01:15:03
Aaron,2822223950x76033,TI9469,Advanced Max 691,3,17.01,tire,9664.21,2025-01-08 09:02:39
Cynthia,2353267592x69029,IN7497,Turbo Ultra 519,8,18.38,infotainment,29077.04,2024-12-15 14:59:43
Adam,(220)0580001x9922,EN6258,Basic Prime 347,1,16.86,engine,3558.49,2025-01-07 09:46:00
Emily,(066)9532583x8612,EN7092,Elite X 250,5,16.57,engine,8588.64,2024-12-22 08:19:05
Jennifer,+15166376363x76914,BA2675,Pro Ultra 832,6,17.04,battery,22123.24,2024-12-23 14:23:01
Whitney,580.997.3409x56180,WH7668,Advanced Max 311,7,17.06,wiringharness,19678.82,2025-01-08 13:53:59
Douglas,(066)6179722x5762,IN9008,Elite Max 482,7,17.25,infotainment,8678.51,2024-12-14 02:08:32
Brittany,8155257803x4295,EN8159,Basic Max 170,3,18.42,engine,12316.44,2025-01-02 02:06:55
Elizabeth,+10486064635x2219,WH4518,Pro Max 741,6,17.44,wiringharness,692.51,2025-01-03 04:57:36
Heather,6967116882,SU8853,Turbo QUT 929,9,17.74,suspension,26189.53,2025-01-06 01:49:27
Caroline,230.827.5945,PA6538,Basic Prime 838,3,16.52,paint,11332.68,2024-12-19 07:09:13
Melinda,(425)8582684x36567,BA1035,Turbo Ultra 617,8,18.16,battery,31787.51,2024-12-20 14:42:07
Kayla,(612)2099813x99814,DT7598,Basic Prime 412,4,16.99,decalandtint,979.03,2024-12-30 11:01:09
Haley,+12610015751x759,TI4122,Basic Max 699,7,17.41,tire,32726.35,2025-01-09 03:13:04
Melissa,+17328818202x86937,TR5728,Pro Prime 589,10,17.8,transmission,15214.68,2024-12-14 10:25:17
Michelle,(409)2627906x1965,PA5655,Advanced Ultra 989,4,16.6,paint,9470.79,2025-01-08 07:40:16
Jesse,079.148.7867x423,EN4940,Basic QUT 390,6,17.13,engine,19277.65,2024-12-25 13:49:40
Amber,(492)7117696,IN6548,Pro Ultra 628,6,17.52,infotainment,7781.2,2024-12-26 16:08:44
Kristi,7314251202x983,EN2410,Basic QUT 194,9,17.68,engine,41574.52,2024-12-27 03:17:31
Adriana,(897)1785510x3374,WH3729,Basic Max 265,2,18.04,wiringharness,2418.34,2024-12-17 16:32:35
Denise,7585114963,IN4674,Advanced Max 809,4,16.76,infotainment,7795.65,2025-01-03 20:09:58
Joanne,(234)3754692x1658,PA7264,Pro Ultra 921,10,16.56,paint,12920.33,2024-12-27 14:35:13
Misty,556.456.4174,BA3829,Basic QUT 442,8,18.02,battery,2898.65,2024-12-27 01:20:00
Barbara,(532)5731667,SU2238,Turbo Prime 472,8,17.7,suspension,37767.0,2025-01-09 23:05:58
Kayla,0019368473580,SC2458,Basic Max 550,5,18.34,seatandcover,14899.82,2024-12-14 15:16:55
Anna,6360906143x52125,TI7098,Advanced Ultra 366,3,17.59,tire,14204.25,2025-01-05 01:06:42
Anthony,0680219931,PA6433,Basic Max 963,6,17.11,paint,1716.76,2024-12-16 18:13:06
Natalie,089.618.2336,TR7479,Basic Ultra 422,7,16.61,transmission,28456.62,2024-12-18 05:19:52
Patrick,6360940955,TI3965,Advanced Max 482,7,16.91,tire,19677.15,2025-01-02 08:05:19
Margaret,+17298141140x29263,DT3351,Turbo QUT 285,1,17.18,decalandtint,332.61,2024-12-25 08:20:53
Laura,+15368818171x87727,BA8643,Advanced Prime 916,6,17.58,battery,28651.19,2024-12-30 00:03:15
Amy,(646)1985373,SU4918,Advanced QUT 487,8,17.61,suspension,24596.5,2025-01-09 10:18:39
Heather,0016070867363x47723,EN6961,Advanced QUT 612,9,17.86,engine,1218.71,2024-12-28 16:44:24
Scott,(792)8134810x250,SC7539,Elite Prime 676,5,17.15,seatandcover,15509.54,2025-01-03 02:26:38
Felicia,+12763673260x583,TR6758,Advanced X 158,4,16.85,transmission,4591.62,2025-01-05 11:45:01
Misty,(889)9629793,DT8649,Turbo Max 621,1,16.95,decalandtint,1281.79,2025-01-03 21:20:00
Carly,3795830002,TR4355,Advanced QUT 433,3,16.6,transmission,13630.08,2024-12-15 23:13:32
Dana,+19318645732x58576,SU6885,Advanced Prime 396,1,18.37,suspension,1792.61,2024-12-30 01:17:13
Scott,+15712312678x35006,PA9433,Turbo Max 258,4,16.63,paint,2595.19,2024-12-21 16:39:10
Christine,(996)8302874x68811,BR9125,Advanced Prime 820,3,17.85,brake,12583.78,2025-01-04 12:49:59
Cassidy,0017036954103x9098,PA1385,Turbo QUT 356,4,17.93,paint,6476.18,2024-12-20 10:09:21
Michael,419.743.6685x394,TR5044,Elite QUT 503,6,18.34,transmission,22571.2,2024-12-25 11:50:27
Selena,2599718765,TR2027,Pro X 824,3,16.84,transmission,5902.04,2024-12-21 22:25:37
Paul,1692201630,EN4837,Advanced QUT 441,7,17.47,engine,16605.76,2024-12-23 13:57:12
Lori,6154593880x588,WH6465,Pro Ultra 580,9,18.27,wiringharness,44007.45,2025-01-04 14:18:52
Alexis,045.251.9861x4918,WH7002,Pro Max 397,8,17.71,wiringharness,22559.83,2025-01-01 10:07:37
Charles,0012708351832,TI2481,Advanced QUT 726,7,17.64,tire,27010.14,2024-12-17 11:44:10
Melissa,639.752.4583,DT2398,Pro X 504,1,16.91,decalandtint,1786.83,2024-12-31 01:19:32
Cindy,2480154501x90412,PA1158,Pro X 308,6,16.56,paint,23413.06,2025-01-08 07:00:26
Jennifer,885.716.8861,BA3608,Basic X 770,2,16.78,battery,4583.6,2025-01-05 15:02:13
Angela,524.364.0004x155,TI4954,Turbo QUT 370,8,17.89,tire,10162.31,2025-01-09 07:25:06
Vanessa,+14038249066x4934,TR3663,Basic Max 475,2,17.8,transmission,8882.9,2024-12-29 01:45:42
Stephanie,+17716528037,BR1570,Basic X 981,9,16.53,brake,14671.94,2024-12-22 02:07:24
Patrick,141.227.0586,BR5343,Advanced QUT 499,4,16.78,brake,2232.98,2024-12-22 08:20:01
David,744.667.0285,SC3711,Advanced Prime 335,2,18.42,seatandcover,8297.76,2024-12-27 11:33:03
Christina,(342)2848023,BA4899,Basic Prime 362,1,17.07,battery,1884.65,2024-12-23 04:20:21
Sharon,0016238292384x0730,BA8198,Advanced Max 326,6,16.86,battery,19593.17,2024-12-29 18:51:33
Jennifer,(863)6887121x8010,WH5051,Advanced QUT 534,4,17.85,wiringharness,2970.61,2024-12-31 07:05:19
Tonya,674.656.4129,WH4901,Elite Max 271,7,17.85,wiringharness,33742.88,2025-01-04 11:58:11
John,008.173.7298,BR8198,Pro X 966,4,17.49,brake,8683.53,2025-01-03 05:07:55
Keith,+12555484207x396,SC9490,Elite QUT 910,4,16.85,seatandcover,3055.63,2024-12-22 19:25:03
Matthew,7274559669x6849,SU5103,Turbo X 417,9,18.49,suspension,44803.24,2025-01-11 21:11:23
Sarah,634.828.2988,TR7511,Elite Ultra 492,10,17.81,transmission,17524.93,2025-01-01 14:58:58
Paula,754.647.8034x71039,PA2022,Basic X 297,5,17.7,paint,8077.08,2024-12-25 14:48:54
Ashley,0329259400x092,EN3390,Turbo Ultra 857,6,17.03,engine,25678.77,2025-01-06 02:07:33
Marie,3675519610x2098,DT3230,Pro Max 350,1,16.93,decalandtint,2323.33,2024-12-25 12:09:49
Denise,0013635227299x8693,TR5137,Pro QUT 233,6,17.35,transmission,5887.91,2025-01-11 14:39:04
Susan,6902816459,DT8094,Advanced X 285,8,18.15,decalandtint,19420.9,2025-01-04 12:04:44
Chelsea,5254779541,WH3450,Elite X 693,5,17.58,wiringharness,19927.4,2024-12-22 09:29:20
Judy,0012184869762x96219,BR5964,Turbo Ultra 855,7,17.86,brake,26759.75,2025-01-07 21:54:07
Patricia,(741)6441588,TR2200,Advanced Prime 726,3,16.78,transmission,6018.73,2024-12-15 00:33:30
Rebecca,0902166705,TR7234,Pro QUT 829,9,17.26,transmission,6932.6,2024-12-19 06:58:37
Lynn,(169)3036009,EN4772,Elite Ultra 403,1,16.62,engine,993.98,2025-01-01 01:46:00
Kimberly,(846)6807828,SC1317,Advanced QUT 916,4,17.78,seatandcover,10310.89,2025-01-11 14:57:05
Teresa,(392)1974443,SC7796,Turbo Ultra 118,10,17.35,seatandcover,29007.98,2025-01-09 15:55:48
Jennifer,0810422821,SU4152,Pro QUT 648,7,17.64,suspension,2742.19,2025-01-10 01:50:01
Stephanie,5259115347,EN7011,Elite Prime 986,1,16.87,engine,1492.08,2025-01-11 21:45:17
Martin,788.115.7668x7868,WH6450,Turbo QUT 538,5,16.98,wiringharness,15518.08,2025-01-02 08:33:24
Charles,268.521.2206,BR5736,Basic Ultra 882,8,17.59,brake,36113.4,2024-12-24 02:45:05
Deanna,1849457695,TR1238,Pro Prime 567,2,17.95,transmission,7133.32,2024-12-29 04:44:44
Julie,+17853806558x039,TR6336,Elite Ultra 157,10,18.09,transmission,10851.54,2024-12-17 12:33:06
Chase,5693808810,BA5920,Advanced Max 749,8,17.13,battery,17843.18,2024-12-15 05:22:10
Laura,5254776037,SC2711,Basic QUT 976,8,17.97,seatandcover,4192.12,2024-12-26 06:03:59
Julia,(207)8264973x079,BA1476,Basic Max 742,3,17.49,battery,6113.49,2025-01-08 09:15:01
Linda,+12975956928x66356,TR9453,Advanced Ultra 321,3,18.03,transmission,1918.15,2024-12-17 02:09:01
Elizabeth,438.957.3959,TR4421,Pro X 726,5,17.45,transmission,23238.56,2025-01-12 16:28:30
Cynthia,3248289177x32959,IN8233,Advanced X 579,7,18.06,infotainment,13906.19,2024-12-22 10:05:26
John,8734648356,TR5615,Pro QUT 787,9,16.54,transmission,28930.26,2024-12-19 16:39:38
Leslie,0339287148,TR3177,Elite X 610,6,17.34,transmission,23919.63,2024-12-23 18:06:19
Donna,656.010.5249x8748,WH7497,Turbo QUT 106,5,17.54,wiringharness,23225.54,2025-01-10 22:35:53
Rachel,531.118.0985x9193,IN5139,Advanced Prime 235,3,18.49,infotainment,14190.48,2024-12-20 01:35:20
Alicia,4196299834,EN5461,Pro Ultra 530,6,18.29,engine,12841.24,2024-12-16 08:23:01
Kenneth,(932)2347429,DT7275,Basic Ultra 286,5,17.76,decalandtint,10925.76,2024-12-26 15:05:08
Denise,2623905872,WH8154,Turbo Max 450,9,17.18,wiringharness,41108.31,2025-01-07 00:21:12
Nicole,0014194930239x0622,TI9636,Advanced Prime 602,10,18.16,tire,38879.51,2024-12-19 02:46:41
Todd,8532757343,PA8468,Turbo X 110,4,18.24,paint,1005.03,2024-12-22 12:04:01
Craig,458.943.4861x2619,BR8170,Turbo QUT 524,7,16.55,brake,15155.85,2025-01-07 15:41:15
Rebekah,8272648321,EN2838,Basic Prime 604,7,17.61,engine,23338.53,2025-01-08 12:55:06
Deborah,6805668289x20497,WH4593,Pro Prime 387,5,16.89,wiringharness,17780.76,2024-12-16 20:12:04
Zachary,0016373611861,WH7023,Advanced X 177,6,16.66,wiringharness,23883.14,2024-12-31 12:49:33
Katie,203.331.9661x838,TI8978,Pro X 651,7,18.41,tire,13328.75,2024-12-16 23:50:43
James,131.829.3898x9696,SU3114,Turbo Ultra 792,10,16.73,suspension,34721.89,2025-01-01 08:26:48
Sharon,7905530373x830,TI7047,Advanced X 945,10,16.64,tire,37305.17,2025-01-10 14:29:48
Douglas,719.446.5419x175,WH3968,Turbo X 478,6,16.76,wiringharness,17117.78,2025-01-08 22:57:01
Cheyenne,+11326307428x5218,BA4871,Advanced Prime 964,4,16.75,battery,4862.77,2025-01-13 00:28:41
Marc,+11533486660x27142,IN5099,Basic Ultra 924,10,17.28,infotainment,35107.33,2024-12-22 12:41:53
Kelsey,+17529296431x227,SC3455,Pro Prime 725,5,17.88,seatandcover,1675.31,2025-01-09 00:24:04
Sabrina,+16204791511,SU1278,Turbo Ultra 755,10,16.91,suspension,45772.23,2024-12-15 11:34:43
Kathleen,009.174.9486x23198,WH1177,Pro Prime 329,7,18.45,wiringharness,11124.17,2024-12-28 04:37:57
Caitlin,303.292.2992x1141,WH7476,Basic Prime 699,8,18.26,wiringharness,23203.67,2024-12-19 22:06:08
Joseph,949.601.2705x546,TI3069,Elite Ultra 867,10,18.47,tire,41322.71,2025-01-07 19:49:28
Peter,4331923837,BA7992,Pro Max 328,3,16.7,battery,4960.55,2025-01-11 05:06:07
Emma,4698825986,BA8287,Elite Ultra 213,5,18.07,battery,5644.23,2024-12-22 14:09:47
Tammy,1743441527x0670,SU4041,Basic Prime 841,10,18.29,suspension,38837.42,2025-01-03 20:38:21
Lynn,0014896799832x04164,TI1008,Basic Max 902,1,17.7,tire,2949.02,2024-12-17 07:50:53
James,486.297.4203x5410,TI3661,Elite X 729,5,16.55,tire,814.35,2024-12-15 23:45:00
Ryan,9356213577x25666,WH1513,Advanced X 144,8,17.36,wiringharness,22113.52,2024-12-26 07:49:37
Michael,1872108673,BR2904,Elite QUT 860,3,17.82,brake,6056.15,2025-01-10 13:30:16
Jennifer,0011604924481x8502,BR4423,Turbo Prime 358,2,17.89,brake,5220.22,2025-01-04 07:20:07
April,5733597482x76010,EN8308,Basic Max 723,3,17.69,engine,5728.42,2024-12-26 03:13:03
Daniel,0013481841189x4031,SU8064,Advanced QUT 312,4,16.96,suspension,17579.81,2025-01-09 12:59:18
Gabriella,227.427.9086x011,BR5642,Turbo Max 389,2,16.65,brake,1625.38,2024-12-20 06:11:57
Kyle,+16346379885x2609,BA7063,Turbo X 601,10,16.92,battery,1503.97,2025-01-09 09:23:19
Robert,+13458577454x223,EN3023,Turbo QUT 862,1,16.8,engine,3910.38,2024-12-31 22:49:36
Stephanie,0579430178x23695,WH4864,Basic QUT 327,5,17.02,wiringharness,15055.98,2024-12-17 04:17:47
Kristen,7677503931,SC3427,Basic Ultra 219,4,17.36,seatandcover,1733.97,2024-12-14 15:16:50
Katherine,(188)6943160,BR6204,Elite Prime 485,8,17.32,brake,2450.41,2024-12-27 16:17:55
Kimberly,0015039467841x015,SU2824,Elite Prime 286,9,17.14,suspension,30427.88,2024-12-23 03:19:59
Jamie,(634)7680647x26669,BR4548,Basic Max 568,4,17.06,brake,13112.13,2024-12-31 00:22:38
Mindy,7854692506x7741,PA3405,Turbo X 128,2,18.2,paint,2169.81,2024-12-21 17:32:58
Erin,3609522711x29032,TR7926,Advanced Max 224,5,16.51,transmission,17572.4,2025-01-04 19:50:11
Alejandro,662.467.4802x72117,EN4283,Basic Ultra 887,7,17.96,engine,22946.46,2025-01-10 23:34:24
Robin,4460945710x4374,TI5177,Elite Ultra 123,5,17.9,tire,7034.11,2025-01-11 21:35:19
Amy,616.001.5044,SU3854,Turbo QUT 468,8,17.77,suspension,2616.7,2025-01-02 07:04:46
Amy,9029271920,DT7099,Pro X 689,1,18.33,decalandtint,1862.89,2025-01-04 06:48:44
Stacey,+12111913176,EN4194,Pro QUT 456,8,16.74,engine,35199.13,2024-12-16 11:25:13
Angela,782.812.5682x1808,SU6849,Advanced X 781,9,18.08,suspension,11608.39,2024-12-23 12:47:33
John,0016585898643x9129,BR2418,Turbo Prime 369,6,17.62,brake,29040.98,2025-01-05 21:59:51
Jennifer,0015458500024x32217,IN3715,Pro Prime 204,10,16.96,infotainment,20145.23,2025-01-07 18:44:40
Morgan,+12442025531x87245,BA6975,Advanced QUT 152,6,17.62,battery,22645.11,2025-01-06 05:36:58
Chelsey,9356146850,DT2815,Turbo Prime 987,2,17.35,decalandtint,6440.63,2024-12-24 21:37:49
Dana,606.842.4041,PA9272,Basic Ultra 121,9,17.28,paint,42860.82,2025-01-04 14:36:12
Whitney,+16043245812x7399,IN5756,Elite X 872,5,18.27,infotainment,10014.96,2024-12-31 12:43:06
Leslie,(404)0092526x39830,SU1961,Pro QUT 830,7,16.97,suspension,13163.96,2024-12-31 14:47:12
Dawn,0013787995551x06527,IN8712,Advanced X 742,4,17.92,infotainment,14643.95,2024-12-14 09:24:22
Sheila,690.397.6622,DT1074,Elite Ultra 644,9,17.26,decalandtint,6061.7,2025-01-04 09:15:27
Erika,(734)1290421x2426,SU5519,Advanced QUT 347,1,17.09,suspension,526.35,2024-12-26 18:16:44
Dawn,+16586771495x4446,TI2788,Turbo X 861,7,18.16,tire,11285.11,2024-12-24 12:58:16
Lisa,7883646006,TR4670,Elite QUT 117,9,18.49,transmission,14673.39,2024-12-23 05:35:28
Angela,0076858787x879,IN6374,Advanced QUT 197,1,16.92,infotainment,3851.34,2024-12-29 10:22:37
Jackson,0010953461312,BR4164,Elite Max 341,2,16.9,brake,6134.39,2024-12-31 09:53:29
Kristina,275.727.4758x305,TI3642,Advanced Ultra 727,3,18.08,tire,605.03,2024-12-24 15:10:14
Tammy,6891428221x530,EN2995,Pro Ultra 577,5,17.08,engine,11100.25,2025-01-01 22:02:22
Anthony,198.027.9294x1452,WH4248,Basic QUT 868,6,17.05,wiringharness,7561.53,2024-12-22 05:59:22
Nicole,(051)1914495x207,BA5522,Elite X 364,10,17.31,battery,42657.8,2024-12-15 14:19:42
Jennifer,+13164767626x3634,BA1351,Elite Ultra 695,7,17.39,battery,26633.77,2024-12-27 18:05:45
Andrea,(755)4753272,EN7822,Elite Ultra 449,10,18.33,engine,17290.16,2025-01-02 02:17:35
Janet,721.899.7521,PA9515,Advanced Prime 110,5,16.81,paint,13668.07,2025-01-08 06:14:12
Donna,(451)1655450,TI4744,Basic QUT 712,2,17.89,tire,4901.73,2025-01-03 22:09:50
Jaime,+14228273184x1061,TR3049,Elite Prime 146,5,17.26,transmission,11811.67,2025-01-02 04:17:42
Peter,220.121.6914x1991,TI5620,Advanced X 174,5,18.18,tire,12174.95,2024-12-14 07:36:44
Claire,0014628745264x2213,PA6035,Elite Max 985,9,17.81,paint,31557.75,2024-12-15 19:17:24
Mandy,0015715864702x52733,TI2671,Basic QUT 436,6,16.96,tire,14338.43,2025-01-01 06:40:01
Ana,0017615315233x98575,SC9424,Basic Prime 870,3,17.81,seatandcover,4258.07,2024-12-26 21:50:26
Leah,+17844099243x8814,SU4063,Elite Ultra 519,6,16.87,suspension,3400.09,2024-12-26 07:39:59
Jessica,0788899866,SC7911,Advanced QUT 319,4,17.23,seatandcover,3678.41,2025-01-08 05:32:49
Lonnie,3572807201x80210,WH8232,Basic Ultra 393,5,17.12,wiringharness,14658.22,2024-12-18 01:32:10
Erica,3103256895x6360,BA9864,Turbo X 723,3,17.3,battery,2163.06,2024-12-19 20:41:10
Caitlyn,907.062.3192,SU7603,Turbo Ultra 805,1,17.1,suspension,515.64,2024-12-16 02:09:18
Tara,4475867548x47856,EN3431,Elite Prime 344,9,17.34,engine,29614.73,2025-01-07 19:13:27
Megan,(403)7466227x3293,BA1061,Advanced Prime 877,3,17.17,battery,14606.49,2024-12-27 19:55:26
Christian,8829271736x210,SU2459,Advanced Ultra 552,9,18.23,suspension,26072.68,2025-01-02 10:29:18
Zachary,0011192293551x167,DT1589,Basic QUT 600,7,17.19,decalandtint,6218.58,2024-12-28 20:03:01
Beth,0018393997941,DT9650,Elite X 616,8,17.33,decalandtint,13845.74,2024-12-15 18:16:14
Brenda,3224452758,WH4543,Turbo Ultra 996,8,16.84,wiringharness,34655.84,2025-01-06 00:57:56
Ariel,6003563569,WH6075,Turbo Ultra 983,1,17.47,wiringharness,3941.2,2024-12-17 20:11:03
David,7974360552,SU2688,Pro Prime 930,6,17.17,suspension,28724.72,2024-12-27 17:21:37
Tiffany,+14709228957,SU7372,Advanced X 552,7,17.77,suspension,5296.15,2025-01-10 08:25:05
Sarah,0011647406071x245,DT6304,Advanced QUT 504,1,17.49,decalandtint,2884.49,2024-12-24 22:55:19
Kenneth,(770)9526042,SU8566,Advanced Max 363,1,17.11,suspension,1796.77,2024-12-20 19:37:18
Stephanie,(168)7826528,BR3273,Pro Ultra 739,1,16.74,brake,3339.01,2024-12-26 08:11:20
Heather,0012113137306,BA5220,Advanced Prime 561,8,17.48,battery,20540.8,2024-12-22 18:22:15
Erin,(947)8047637x089,TI3867,Turbo Max 297,4,17.88,tire,15940.46,2024-12-17 15:19:18
Monica,0015395422431x562,BA9414,Basic Prime 521,8,16.54,battery,6947.35,2024-12-28 22:54:38
Elizabeth,9260126611x938,TR7327,Turbo X 638,1,17.85,transmission,2113.82,2025-01-03 21:12:18
Carlos,7891229990x74380,TI1135,Basic Max 635,6,17.77,tire,25479.54,2024-12-20 00:12:26
Katherine,0932738499,BA6258,Basic Prime 978,4,17.17,battery,19176.36,2024-12-23 02:44:33
Christopher,(809)5483940x965,EN1111,Pro Ultra 355,1,17.82,engine,4753.68,2025-01-01 15:22:32
Andrea,5149250096x063,EN8811,Advanced Prime 339,4,16.55,engine,10977.21,2025-01-10 14:31:07
Samantha,0017402978100,PA9100,Basic QUT 286,6,18.25,paint,23086.46,2024-12-20 00:14:44
Rebecca,(669)2381006,IN4147,Pro Ultra 730,2,16.56,infotainment,8517.06,2024-12-31 20:36:34
Richard,2605683859x3067,TI7917,Turbo Prime 613,2,17.27,tire,209.56,2025-01-02 20:00:34
William,+10357293303x1455,TR4908,Advanced Ultra 802,3,16.7,transmission,11832.1,2024-12-24 15:59:12
Morgan,(296)4061972,TI9314,Advanced QUT 583,2,17.91,tire,7616.53,2024-12-31 03:48:14
Rebecca,662.879.5098,DT3158,Pro X 544,7,17.14,decalandtint,18161.85,2024-12-30 11:54:16
Crystal,673.918.1224x05129,IN2325,Basic Prime 819,1,18.43,infotainment,871.19,2024-12-20 08:38:57
Tracey,928.640.5208x37946,SC9866,Advanced X 682,6,16.78,seatandcover,12331.53,2025-01-05 07:10:52
Michelle,0010394351475x40415,SU7880,Turbo Max 103,8,17.82,suspension,34585.7,2025-01-06 06:08:45
Justin,3333618425x60808,SU5091,Turbo QUT 163,2,17.84,suspension,6101.88,2025-01-08 17:56:16
Jessica,4384118685,SU7234,Advanced Ultra 218,1,16.87,suspension,874.29,2024-12-15 06:50:00
Harry,4427438931,SC9592,Elite X 630,9,16.67,seatandcover,13588.6,2025-01-01 06:35:46
Tim,564.512.7582,IN1603,Pro Ultra 193,6,18.09,infotainment,822.46,2025-01-05 23:15:08
Bryan,0017675947240x61792,PA6614,Basic Ultra 379,2,17.13,paint,1561.54,2024-12-30 02:18:41
Andrea,6341694809,EN7965,Turbo Ultra 453,7,16.63,engine,25710.85,2024-12-31 19:12:04
Amber,0016853321189x2457,EN4594,Elite X 369,2,18.16,engine,2433.68,2025-01-11 11:21:55
William,(299)2520521x85931,EN3319,Elite Max 540,7,16.81,engine,17183.85,2024-12-26 02:20:32
Morgan,+11789745913,EN5761,Basic Max 177,4,17.87,engine,12839.85,2024-12-14 15:37:45
Blake,(485)3954172x0174,IN8598,Advanced QUT 102,1,17.08,infotainment,3221.8,2024-12-25 07:28:59
Virginia,4705535556x30698,EN7934,Turbo Prime 139,2,17.22,engine,9227.68,2024-12-29 11:17:42
Elizabeth,+10815062120x843,BA2987,Turbo Max 689,4,18.02,battery,18658.78,2024-12-31 04:43:01
Karen,(391)3654017x463,DT4011,Turbo Max 248,5,17.49,decalandtint,19272.82,2024-12-30 17:26:53
Caitlyn,020.290.1503x374,WH9112,Pro Max 664,5,17.44,wiringharness,20543.23,2024-12-16 15:05:29
Emily,(857)9803233x121,EN9406,Advanced QUT 977,6,17.7,engine,16609.45,2024-12-26 03:19:35
Amanda,+11996776098,DT2575,Turbo QUT 866,5,17.11,decalandtint,20195.94,2024-12-17 06:09:51
Connie,8329484698x07993,WH9787,Basic Prime 996,7,17.03,wiringharness,17916.66,2025-01-08 16:00:54
Tammy,8415948477x194,WH9534,Pro Prime 662,2,18.27,wiringharness,9751.17,2024-12-16 21:36:13
Erica,6501591839,BR3489,Elite QUT 335,3,17.31,brake,13444.91,2024-12-18 03:40:16
Megan,0047180734,SU6935,Pro Prime 396,2,17.58,suspension,2635.8,2024-12-28 09:14:44
Meredith,443.697.7450x99941,DT1484,Pro QUT 314,1,16.54,decalandtint,1097.09,2024-12-26 00:01:47
Gloria,2674549328,IN3288,Turbo Prime 859,9,18.3,infotainment,41281.4,2024-12-29 15:27:06
Tammy,471.128.0455x506,BA3574,Basic Max 294,10,16.99,battery,22084.92,2024-12-28 20:03:10
Meagan,(470)8845495,SU7510,Turbo Ultra 635,1,16.81,suspension,1155.24,2025-01-06 20:32:42
Angela,(079)2594470x723,TR3719,Advanced Ultra 482,6,17.96,transmission,22516.83,2025-01-08 12:58:41
Michael,106.769.0500,DT4997,Advanced Max 120,8,17.66,decalandtint,12301.14,2025-01-02 19:06:53
Judy,3271680412x004,DT5628,Elite Prime 361,4,17.64,decalandtint,11279.24,2024-12-19 09:40:45
Jenny,+19415795453x08378,WH8192,Advanced QUT 677,9,16.55,wiringharness,23508.07,2024-12-22 15:09:19
Jasmine,+16508318308x52397,SU2844,Elite Max 104,2,16.56,suspension,8154.69,2025-01-02 01:15:01
Amber,(274)2054543x60012,TR4511,Basic Max 761,5,17.28,transmission,2957.1,2025-01-06 17:15:41
Wendy,+15920082921x228,PA3110,Basic X 938,4,17.94,paint,17795.34,2024-12-21 04:14:00
Chelsea,(054)5903905x5519,WH2976,Elite Max 329,3,16.51,wiringharness,9598.71,2024-12-30 03:10:11
Erica,(516)3594238x292,DT7344,Elite Prime 523,8,17.09,decalandtint,30999.1,2025-01-05 02:21:30
Teresa,159.989.1925x47472,EN7486,Basic Prime 592,1,17.56,engine,844.35,2024-12-30 21:38:21
Jennifer,(152)4257155x452,DT7692,Basic QUT 945,8,17.84,decalandtint,17714.25,2024-12-20 17:17:28
Robert,329.796.9305,SU8309,Basic QUT 594,10,16.71,suspension,32369.89,2025-01-08 01:31:05
Breanna,691.064.9360x936,PA5684,Pro Ultra 104,1,16.93,paint,948.2,2025-01-03 18:20:17
Christina,796.660.4225x1897,TI9707,Turbo Ultra 151,4,18.39,tire,19662.89,2024-12-30 00:10:11
Caitlin,(324)0757583x4907,TI6362,Advanced Max 952,8,18.39,tire,11551.24,2024-12-22 16:11:48
Heather,3504963039x624,TI1807,Pro Ultra 915,4,17.58,tire,16997.65,2024-12-26 09:41:58
Jennifer,+19832697579x2096,PA4617,Advanced Ultra 798,1,17.5,paint,1036.33,2025-01-01 09:31:00
Mary,(542)4746937x32770,TR5038,Pro Ultra 530,2,16.86,transmission,1167.32,2025-01-01 04:42:30
Nancy,0016384614422x3422,WH9987,Turbo QUT 837,8,18.21,wiringharness,13724.44,2024-12-17 19:15:40
Michael,0019201249442,SU2862,Pro Max 450,4,17.1,suspension,702.95,2025-01-08 02:21:52
Bruce,0015164598841,PA6285,Turbo Max 815,8,17.6,paint,2282.38,2025-01-03 15:57:51
Tonya,+10056975931,BA2293,Elite Prime 861,6,17.46,battery,23579.71,2024-12-27 11:08:55
Jessica,+11948520026x50558,IN2614,Pro Prime 110,4,16.68,infotainment,17487.09,2025-01-02 19:23:32
Brittany,0016811983358,BR7432,Elite Prime 744,8,16.52,brake,11467.16,2024-12-24 06:57:48
Richard,1053691635,TR2472,Basic Prime 297,3,17.57,transmission,8475.48,2025-01-07 04:08:14
Christopher,0012432366330x8463,BA9567,Basic QUT 453,2,17.3,battery,2885.08,2025-01-03 00:55:48
Tonya,9554837939,EN1107,Basic X 905,3,17.18,engine,12962.17,2024-12-21 23:16:47
Brett,+11461015519x41349,WH5053,Advanced Prime 130,6,17.56,wiringharness,3566.94,2024-12-18 04:16:53
Calvin,(725)3232090x7788,PA3937,Elite QUT 392,5,17.33,paint,7845.46,2024-12-21 12:43:07
Cynthia,391.524.1773,SU1239,Basic Max 354,6,17.08,suspension,27439.58,2024-12-31 21:49:03
Teresa,473.729.3965x6462,IN7282,Pro X 312,8,17.97,infotainment,18183.49,2024-12-25 04:38:42
David,+18713959404x736,EN1740,Elite X 320,5,17.72,engine,13138.07,2024-12-27 05:52:55
Jeffrey,0015050609800,EN8252,Basic QUT 597,10,17.44,engine,6335.7,2025-01-02 15:42:45
Amy,+14750861640x500,TR8827,Elite QUT 600,7,17.45,transmission,3344.73,2025-01-12 18:29:31
Hannah,+11908198039x96411,IN8594,Pro X 945,7,18.36,infotainment,19027.27,2024-12-23 06:34:06
Henry,(833)7946308,SC3379,Elite QUT 719,10,17.58,seatandcover,40027.07,2025-01-07 00:37:45
Kendra,3267133126,SU2963,Advanced Max 964,1,18.41,suspension,3716.44,2025-01-07 10:15:02
Monica,649.380.8627x9204,TI2859,Pro X 939,4,17.63,tire,17674.65,2024-12-14 17:31:21
Jasmine,796.583.1488x3543,TI4447,Turbo Prime 990,1,17.6,tire,2910.74,2024-12-23 03:09:42
Shari,(446)5531443x13682,SU3694,Pro Ultra 314,3,16.91,suspension,8312.11,2025-01-03 13:45:10
Leslie,(734)8561977x12184,DT6657,Advanced X 420,6,17.39,decalandtint,29842.66,2025-01-01 19:28:37
Deborah,(630)9206656x6047,BA1845,Advanced X 134,9,17.82,battery,18189.3,2024-12-13 13:50:50
Mary,0019010298325,TI8861,Elite QUT 346,6,18.09,tire,19858.26,2024-12-17 02:23:46
Ronald,473.142.9332x00744,SU5725,Elite Ultra 910,6,17.69,suspension,9093.61,2025-01-10 04:06:45
Monica,6792020865,BR7136,Basic Ultra 861,1,17.13,brake,3047.98,2024-12-17 06:00:48
Anna,0783460677x23188,SC8312,Basic X 398,5,18.22,seatandcover,12802.09,2024-12-29 15:03:13
Cody,865.439.0541,WH7587,Advanced Ultra 672,5,17.14,wiringharness,1660.18,2025-01-01 19:55:50
Paige,+19217075462x082,TR2249,Elite Ultra 826,1,18.16,transmission,1795.07,2024-12-24 03:29:24
Melissa,(349)8900309x54794,SC1536,Advanced Ultra 198,2,18.34,seatandcover,4136.29,2025-01-02 10:49:00
Diana,5217811225x63845,SC2391,Elite X 542,9,17.33,seatandcover,28828.31,2024-12-27 17:12:14
Lori,8081619671x172,BR4020,Elite QUT 691,8,16.57,brake,35445.32,2024-12-28 05:36:19
Janet,(680)5644219,BR3350,Pro Prime 533,3,17.63,brake,10011.49,2025-01-12 02:49:50
Scott,9380378628x80348,IN7497,Turbo Ultra 202,6,17.61,infotainment,18075.48,2024-12-22 02:30:19
Christine,8546203943,WH9032,Advanced X 666,8,16.6,wiringharness,22120.67,2024-12-23 11:03:53
Shane,0668021563,TI6918,Elite Max 400,8,16.56,tire,22724.57,2024-12-25 06:18:34
Nancy,6859215306x645,BR5972,Turbo Prime 206,6,16.71,brake,29798.51,2024-12-24 14:47:59
Veronica,399.907.3342x27301,BA4434,Advanced X 489,5,17.71,battery,24316.07,2024-12-25 05:59:04
Whitney,(660)2944093x4761,BR8763,Advanced Max 146,5,17.77,brake,3296.04,2024-12-29 02:18:35
Christie,0015175399015x734,BA6624,Advanced Max 476,3,16.89,battery,1574.3,2024-12-17 04:33:04
Keith,0196373786,SU1436,Pro QUT 165,6,17.86,suspension,16187.44,2024-12-24 08:44:47
April,(208)7165219,TR1336,Basic Prime 744,7,17.15,transmission,31536.59,2024-12-18 02:38:30
Patricia,+15793760244x846,SC7211,Turbo Ultra 204,2,16.9,seatandcover,9338.21,2025-01-11 12:28:24
Sarah,0010717478579,SU4473,Pro X 933,3,18.05,suspension,8288.95,2025-01-04 02:52:44
Chad,3675727514x9392,BR9079,Elite Max 964,10,17.37,brake,15972.54,2024-12-24 11:21:43
Vickie,412.089.8787x42065,SU3466,Advanced Max 657,10,17.73,suspension,49862.53,2025-01-12 08:01:33
Elizabeth,0036106793,SU9407,Basic Prime 487,6,18.19,suspension,7215.89,2025-01-12 05:10:20
Dave,2790104272,IN8755,Pro Prime 448,2,16.69,infotainment,7032.98,2024-12-27 01:31:08
Stephanie,338.007.7521,EN6345,Basic Max 154,7,18.12,engine,7568.63,2025-01-02 16:19:38
Bryan,+19003640741x82155,SU5114,Basic QUT 229,6,18.4,suspension,16645.45,2024-12-23 21:27:02
Cristina,+13899388483x2251,DT3812,Advanced Max 543,6,16.95,decalandtint,10006.35,2024-12-23 21:05:40
Ashley,(684)8215612x06809,DT5146,Advanced X 964,10,17.66,decalandtint,29196.53,2025-01-11 01:27:02
Denise,+19530000351x14470,BA6467,Pro Max 472,9,18.13,battery,41377.56,2025-01-03 09:36:03
Theresa,6344991281,BR9550,Advanced Prime 555,1,17.54,brake,2844.1,2024-12-28 11:58:40
Jacqueline,5016454027x533,EN5929,Turbo QUT 112,5,17.58,engine,16046.56,2025-01-04 02:23:18
Charles,(812)2938148x605,SC4189,Basic X 350,10,18.15,seatandcover,48740.79,2024-12-18 18:51:10
Jason,0019378173595,WH8449,Advanced Prime 421,8,17.97,wiringharness,35103.08,2024-12-31 20:53:06
Gloria,0019906156653x256,TI6484,Elite Max 238,4,17.41,tire,4027.22,2024-12-30 09:11:07
Stephanie,0018433163230x561,TR4440,Turbo X 136,9,17.88,transmission,14456.96,2024-12-27 17:05:47
Rebecca,9890522576,DT9081,Elite Ultra 745,2,18.04,decalandtint,638.0,2024-12-17 07:16:17
Gina,0014562727268x55102,IN8063,Pro Ultra 232,5,16.58,infotainment,5506.46,2024-12-19 10:15:27
Melissa,3145901789x30771,SU7002,Elite X 586,2,18.19,suspension,1258.97,2025-01-04 08:14:50
John,393.550.4405,TR2997,Pro QUT 227,10,17.75,transmission,3278.2,2024-12-27 06:15:59
Christina,(261)6827785x050,DT9254,Elite Prime 777,10,18.44,decalandtint,16956.94,2025-01-08 14:47:59
Angela,038.016.1627x9949,TR4328,Basic Max 406,4,18.38,transmission,19569.32,2025-01-08 02:34:53
Paul,+10932927273,TR6451,Advanced Ultra 880,3,18.06,transmission,10890.53,2025-01-04 18:30:04
Alex,0010877647599x81290,DT4161,Pro Max 427,9,17.32,decalandtint,38845.04,2025-01-05 12:01:32
Seth,463.005.6739x9083,IN7675,Basic X 820,6,18.11,infotainment,19563.94,2024-12-14 13:00:29
Vanessa,0015324882691x46319,TR3943,Advanced Prime 704,2,17.02,transmission,4475.84,2025-01-11 01:05:34
Sarah,(268)7146556x5640,BR6029,Elite X 990,7,16.58,brake,8609.51,2025-01-07 00:26:46
Christine,531.506.6396x365,TR3498,Basic Max 287,9,17.32,transmission,38231.39,2024-12-28 23:40:39
Audrey,413.413.2396,WH9101,Turbo Ultra 965,9,18.47,wiringharness,19661.75,2024-12-24 19:28:29
Marcia,2387027910x4743,SC8807,Basic Prime 215,5,17.99,seatandcover,10302.91,2025-01-09 13:16:12
Kayla,+12542256457,SU8642,Turbo X 545,10,17.37,suspension,27380.45,2024-12-20 23:49:03
Karen,(297)3466705x75057,BA3544,Elite Max 790,8,17.24,battery,27648.24,2025-01-01 15:06:24
Michael,+17118449657x1576,IN9148,Elite QUT 845,10,18.06,infotainment,36499.02,2024-12-27 05:28:32
Amy,(850)5097896x3048,BA2569,Elite QUT 764,7,17.8,battery,12961.52,2024-12-16 18:02:21
Rebecca,983.186.1804,BR3030,Elite QUT 947,8,17.59,brake,21431.58,2025-01-05 14:45:29
Emma,7289099964,SU1765,Elite Max 530,3,17.98,suspension,5821.16,2024-12-22 02:40:14
Timothy,+18342337334x539,BR6868,Basic QUT 726,5,17.5,brake,5310.03,2025-01-07 12:35:21
Jennifer,(163)3993627,DT2023,Basic Max 433,5,16.99,decalandtint,17440.05,2024-12-23 01:06:22
Hannah,+11143005174x476,BR4274,Advanced Max 483,9,16.5,brake,42145.92,2024-12-21 02:52:23
Desiree,+18589156518x29799,SC4509,Pro Max 910,5,18.49,seatandcover,23283.95,2024-12-16 08:38:09
Shirley,548.221.2140x38568,WH7665,Advanced Ultra 545,6,17.61,wiringharness,22767.35,2024-12-29 23:39:10
Hannah,0011897038606x6988,SC9559,Basic Prime 374,1,16.59,seatandcover,1941.62,2025-01-07 19:29:40
John,5684377299,DT9262,Pro Max 117,6,16.82,decalandtint,2330.67,2024-12-16 13:43:02
Justin,+17510557284,WH4754,Advanced Ultra 549,1,16.87,wiringharness,679.72,2024-12-29 15:51:05
Brett,274.822.9138x270,PA8615,Elite Prime 696,9,18.23,paint,5620.59,2024-12-16 15:39:27
Barbara,556.531.6799x81999,IN3278,Elite Ultra 820,7,16.97,infotainment,21548.67,2025-01-12 18:06:44
Julie,0587184195x0924,DT3600,Basic QUT 189,9,18.32,decalandtint,36884.89,2025-01-04 07:44:02
Mary,(573)6580559,IN9530,Elite Prime 536,1,17.16,infotainment,4653.98,2025-01-12 11:42:02
Nicole,769.956.6732,TR4831,Pro QUT 239,7,17.58,transmission,16606.12,2024-12-28 02:53:16
Timothy,0013070212831x16380,IN8823,Advanced QUT 742,1,18.45,infotainment,4888.51,2025-01-06 14:36:58
Candace,(165)8370113,SU8341,Turbo Ultra 993,8,18.39,suspension,18943.06,2024-12-20 06:39:52
Alicia,8191024798,BA9260,Basic Prime 438,1,16.59,battery,1729.38,2025-01-09 11:49:50
Roberta,(449)9935427,SU1890,Pro QUT 225,2,17.34,suspension,8280.19,2024-12-29 23:11:28
Gabriel,+13329676092x90410,SU8489,Advanced Prime 961,8,17.59,suspension,31324.54,2025-01-08 23:22:50
Jessica,(341)3097667,IN4765,Advanced Ultra 330,2,18.23,infotainment,9502.98,2024-12-27 07:25:21
Christine,0011576590019x977,WH8624,Turbo Prime 760,2,17.57,wiringharness,4629.25,2025-01-10 08:29:04
Christie,804.303.5840x653,TR4458,Elite QUT 637,8,17.34,transmission,1536.59,2024-12-17 10:50:42
Dana,509.101.3591,SU6926,Turbo Max 272,2,18.08,suspension,3550.06,2024-12-19 03:09:33
Kimberly,3277739188x215,SC6273,Basic X 647,1,17.36,seatandcover,3009.67,2024-12-22 07:34:55
Sandra,(146)4321334,WH7217,Advanced Ultra 610,9,17.91,wiringharness,26791.38,2025-01-03 17:27:33
Johnny,1287421139,IN8375,Advanced Prime 678,1,16.88,infotainment,1754.32,2025-01-07 01:57:00
Kathy,273.797.1568,DT1688,Pro Prime 961,5,16.64,decalandtint,2001.38,2024-12-17 04:46:37
Gregory,(992)9265883x35397,EN7810,Advanced Max 656,4,18.38,engine,11758.26,2024-12-31 21:04:42
Robin,6970853520,TR1981,Advanced QUT 966,8,16.53,transmission,39753.47,2024-12-15 19:54:37
Erika,189.649.8230x7137,BA4841,Advanced Ultra 141,2,18.27,battery,5413.34,2024-12-17 16:18:51
Kelly,4095410907x0210,TI9398,Advanced Max 850,9,17.0,tire,20955.2,2025-01-01 05:36:44
Zoe,1113990559x9708,BR2560,Advanced Max 600,1,16.88,brake,3876.75,2025-01-05 17:51:25
Sandra,+17649035552x636,BR2786,Basic X 593,2,16.91,brake,2160.31,2024-12-26 18:45:23
Amy,4983429064,IN5112,Turbo Prime 418,8,17.06,infotainment,7472.99,2024-12-23 18:30:06
John,9279239546,TR6849,Pro Max 293,2,17.42,transmission,5579.98,2025-01-07 23:50:51
Kathryn,0011873440594x94345,BA5537,Turbo QUT 983,2,16.97,battery,8293.96,2024-12-26 22:01:42
Alicia,4671163234x5877,PA2017,Advanced X 419,6,17.14,paint,2651.99,2024-12-25 17:36:05
Jacqueline,0016387513974x91001,TI2677,Elite X 688,1,17.28,tire,4102.38,2024-12-29 11:38:55
Meghan,0013865811747x704,SC4416,Turbo X 157,4,18.3,seatandcover,3164.24,2024-12-15 04:32:55
Amy,+17597283079,IN6488,Basic Max 402,6,16.93,infotainment,19890.26,2025-01-01 00:02:00
John,930.416.5652,SC9981,Pro Prime 616,4,18.18,seatandcover,6728.1,2024-12-13 09:59:43
Leslie,262.305.7715x492,PA7246,Turbo QUT 543,9,16.99,paint,17575.72,2024-12-27 06:04:59
Jessica,0384431718x7524,BR7636,Pro Prime 276,1,18.27,brake,935.3,2024-12-15 00:54:20
Wesley,3358255343,PA6346,Basic QUT 223,6,17.36,paint,10127.39,2024-12-17 06:48:42
Michelle,064.464.1009x23808,PA4868,Elite X 499,8,16.53,paint,16426.93,2025-01-09 02:23:47
Miranda,0019422970794,TI8140,Basic X 504,6,17.71,tire,8012.22,2025-01-01 00:59:21
Shannon,513.322.4874,BA3152,Basic Ultra 312,7,17.82,battery,17511.13,2025-01-06 01:29:13
Sean,532.772.8366,BR5278,Basic Max 313,9,17.77,brake,36333.53,2024-12-26 16:50:15
Joshua,547.266.7639,WH9240,Advanced Prime 748,10,17.77,wiringharness,25827.53,2024-12-21 12:08:32
Amber,0018079069920,SC1089,Turbo QUT 310,3,16.54,seatandcover,12767.35,2025-01-11 08:50:41
Alexis,2104504616x653,IN3862,Advanced X 182,2,16.85,infotainment,1575.42,2024-12-31 21:28:18
Heather,297.657.8291,BA7915,Advanced QUT 768,6,18.12,battery,6284.53,2024-12-21 05:32:51
Jill,7912483856x9515,TR1281,Basic QUT 567,5,17.67,transmission,23816.88,2025-01-01 13:33:16
Trevor,2244232558,DT9120,Turbo QUT 455,2,16.96,decalandtint,632.74,2024-12-19 11:04:45
Jeffrey,0013908387526x77378,EN9717,Pro QUT 222,7,17.54,engine,29405.09,2024-12-17 11:56:59
Patrick,3187694511x2378,WH6974,Turbo Max 778,6,18.21,wiringharness,4989.09,2024-12-30 18:07:31
Hector,287.203.2390x557,BR9794,Advanced Prime 817,9,17.28,brake,2055.47,2024-12-23 17:45:18
Kyle,9551461795x95611,DT3012,Pro X 884,2,17.72,decalandtint,7713.85,2024-12-30 15:14:00
Melissa,(895)3018146,EN6614,Pro Ultra 225,3,17.3,engine,7025.57,2025-01-05 19:15:27
Patrick,7034565011x05920,BA6280,Turbo Ultra 430,7,17.41,battery,28216.25,2025-01-07 02:33:43
Shirley,9493858332x9762,IN8669,Advanced Ultra 606,1,17.66,infotainment,2634.22,2024-12-22 09:53:49
Christopher,0016554653062x5123,SC7240,Turbo Prime 368,9,16.95,seatandcover,16708.23,2025-01-08 04:15:20
Kendra,490.778.2861x9937,TR4233,Advanced QUT 731,2,16.8,transmission,9320.55,2025-01-01 09:25:25
Makayla,+15830049623,DT1343,Pro QUT 428,4,17.37,decalandtint,18748.64,2025-01-07 21:25:14
Wanda,+19698220319x0391,BA2545,Turbo Ultra 772,3,18.24,battery,916.7,2025-01-06 10:21:01
Susan,+10332356861x5915,BR5407,Advanced X 796,1,17.2,brake,4924.64,2025-01-07 02:37:27
Maria,(185)0104402x1554,DT1894,Basic QUT 171,5,16.57,decalandtint,2548.13,2024-12-27 04:46:18
Carolyn,+16331162798x78820,SU6577,Elite QUT 306,5,16.6,suspension,4147.95,2024-12-31 10:55:48
Michelle,0723590188,BR7470,Pro Ultra 482,1,17.26,brake,2051.14,2024-12-18 22:26:02
Jonathan,(456)1604846,BA5635,Pro QUT 479,7,16.95,battery,20849.64,2024-12-16 00:47:56
Cathy,400.721.0343x1833,BR3506,Advanced Prime 895,1,17.46,brake,1723.26,2024-12-26 08:26:39
Kathy,(477)9963303x52430,BA4170,Elite Ultra 561,3,17.29,battery,3144.31,2025-01-10 13:41:22
Kristin,(853)2412050x21811,TI3939,Pro Ultra 881,5,16.93,tire,24627.21,2024-12-30 08:23:27
Jennifer,2694071399,BA9302,Pro Max 686,1,17.57,battery,4229.74,2025-01-12 09:47:06
William,3209744992,IN8079,Advanced Max 539,4,17.48,infotainment,7217.37,2025-01-10 17:35:23
Susan,965.121.8272x09043,BA5990,Basic Max 799,5,16.51,battery,10541.54,2025-01-12 20:07:53
Barbara,7734986747x398,BR9056,Pro Max 413,3,16.85,brake,12182.71,2024-12-27 18:38:21
Jennifer,(631)5930810x65335,SC8139,Basic Prime 371,8,16.84,seatandcover,4221.88,2025-01-07 12:32:59
Jessica,7644694692,SC2584,Basic QUT 468,8,18.18,seatandcover,35566.55,2024-12-26 01:13:02
Lori,1205958763,TI2019,Elite QUT 716,4,18.02,tire,14876.53,2024-12-18 16:05:46
Richard,(867)9969499x124,WH5641,Turbo Ultra 394,9,18.29,wiringharness,7183.28,2024-12-28 12:44:13
Carolyn,+18986429146x46907,EN7089,Advanced Max 407,8,17.61,engine,23563.76,2025-01-06 08:28:05
Jamie,3098416565x9635,SU5167,Advanced Max 568,10,18.41,suspension,10803.59,2025-01-08 00:02:56
Teresa,0198616535,EN8823,Pro X 514,6,17.12,engine,6974.96,2024-12-30 15:35:19
Matthew,0015525514544x269,SC8765,Elite Prime 282,3,17.82,seatandcover,419.24,2024-12-23 17:10:03
Randy,+11347242400x355,SU9320,Turbo Max 836,5,17.51,suspension,20464.36,2025-01-04 23:25:00
Teresa,+11704273351x1477,BR5733,Pro QUT 708,8,17.46,brake,9846.54,2024-12-16 10:50:09
Kevin,0015982112641x8948,BA9054,Elite Prime 720,9,18.5,battery,8936.63,2024-12-31 06:44:27
Wendy,(763)5445243,BR7081,Pro X 956,7,18.45,brake,11359.15,2025-01-04 20:32:02
Annette,0016657118327x39540,WH5386,Elite X 759,10,17.5,wiringharness,13560.4,2024-12-28 09:13:47
Breanna,5749452094,WH6397,Advanced QUT 830,6,17.01,wiringharness,8953.14,2024-12-14 02:22:13
Frank,716.710.7634x297,SU9579,Pro QUT 449,4,18.27,suspension,15287.65,2025-01-03 17:50:17
Sean,+15684777594x1111,EN8833,Elite Max 855,3,16.95,engine,14928.74,2025-01-12 01:33:37
Rebecca,0016719708226x852,SC7717,Basic Max 229,10,17.63,seatandcover,46276.95,2024-12-28 23:38:47
Tara,2376215271x25014,BA9267,Pro QUT 150,8,16.99,battery,2686.58,2024-12-20 07:31:14
Emily,2936780469x145,BA5593,Elite X 484,10,17.04,battery,32100.18,2024-12-26 17:17:25
Kimberly,(441)7347030x1056,TR2143,Basic QUT 401,3,18.36,transmission,5646.18,2024-12-23 21:39:23
Douglas,1147426454,WH6181,Pro Ultra 935,5,16.71,wiringharness,16311.17,2025-01-07 16:30:51
Robert,0018497632742,DT1912,Pro X 422,9,16.86,decalandtint,26976.14,2024-12-24 14:40:43
Anne,(244)4151031,SU6304,Advanced Ultra 963,1,17.72,suspension,2261.0,2024-12-27 03:35:17
Barbara,8049761243x39520,IN2050,Advanced X 767,8,18.19,infotainment,31181.9,2024-12-21 16:14:28
Sabrina,3107143856,TR8501,Basic Prime 551,7,17.09,transmission,11577.53,2025-01-09 14:44:46
Ernest,0013889276308x99697,EN3195,Pro QUT 759,8,17.42,engine,35041.0,2025-01-03 18:06:21
Terri,(988)1292592x96596,TI6825,Advanced QUT 289,2,17.66,tire,1032.44,2024-12-28 15:23:09
Elizabeth,3669683710x9780,IN8004,Basic Prime 169,8,17.91,infotainment,11550.92,2024-12-28 15:01:43
Mark,0015794981014x24311,SC5114,Basic QUT 486,5,18.12,seatandcover,15211.24,2025-01-02 21:01:12
Teresa,046.418.9002,PA6053,Elite QUT 112,9,17.33,paint,13685.57,2024-12-27 22:17:30
Elizabeth,6299513379,BA6866,Basic QUT 932,9,16.99,battery,25955.73,2025-01-10 07:01:31
Taylor,387.279.5321x47806,SC1538,Basic Max 166,5,17.34,seatandcover,7838.98,2024-12-23 08:43:39
Claudia,926.080.8389x502,BR5228,Turbo QUT 321,10,17.19,brake,40004.49,2024-12-24 04:08:17
Ann,3265316323,SC5631,Pro X 884,8,17.25,seatandcover,13527.37,2025-01-02 07:54:03
Julie,(452)4465333x62643,BR7879,Turbo Max 179,10,17.33,brake,49362.37,2024-12-17 19:18:20
Gary,5590437202,TI8891,Pro QUT 243,7,16.7,tire,33512.95,2024-12-14 09:02:29
Kristina,576.382.2789,WH1475,Basic X 757,1,16.76,wiringharness,2857.88,2024-12-19 05:50:19
Wendy,(090)6203963,PA7824,Pro X 189,4,17.04,paint,16296.46,2024-12-31 10:34:47
Karen,0016881470570x72295,TR3538,Turbo Prime 616,2,17.95,transmission,4715.11,2024-12-15 08:05:33
Joyce,+10139016431x53578,WH3921,Pro Ultra 861,7,17.44,wiringharness,19744.54,2024-12-13 21:16:04
Jenna,361.770.7303,SC1853,Pro Prime 717,1,18.46,seatandcover,1176.82,2025-01-12 05:12:15
Cristina,+18217966200x117,TR6185,Elite X 756,3,16.58,transmission,405.91,2024-12-20 20:17:23
Carla,3654098978,DT4250,Basic X 831,3,17.15,decalandtint,13739.1,2025-01-08 23:24:42
Amy,+15154040065x07952,BA3884,Pro QUT 484,6,18.46,battery,28328.2,2024-12-22 07:33:41
John,0012899247723x4213,SC9081,Turbo X 974,9,17.69,seatandcover,8412.15,2024-12-14 18:51:19
Donald,7750235300x429,SC1795,Pro Prime 281,6,18.32,seatandcover,5681.21,2024-12-29 06:33:22
Amanda,5916456565x538,IN1791,Advanced X 251,4,18.07,infotainment,18130.76,2025-01-12 03:35:37
Regina,+17300452997x46302,DT1166,Advanced X 949,8,17.66,decalandtint,5222.53,2025-01-11 11:39:09
Samantha,+14264940519,BA2155,Turbo Prime 414,3,17.21,battery,14751.64,2024-12-26 00:09:35
Michael,8593834082x58394,BA4658,Elite Ultra 371,8,17.89,battery,1545.48,2024-12-31 23:41:53
Hailey,(586)5566438x1415,WH7043,Pro QUT 475,4,17.03,wiringharness,3904.97,2025-01-10 13:06:46
Mary,(878)1432145,SC1768,Elite X 648,3,17.68,seatandcover,8220.57,2025-01-10 14:36:28
Kirsten,8025719363x40095,IN9527,Basic Prime 410,5,16.99,infotainment,3784.95,2024-12-30 03:04:12
Amber,+14508909637x74260,DT3297,Basic X 386,1,18.13,decalandtint,3246.99,2024-12-23 15:05:56
Claudia,(114)1526113x12338,PA3595,Pro Ultra 943,6,17.8,paint,25250.26,2024-12-29 08:02:55
Micheal,8343834139,EN9107,Basic Prime 892,2,18.26,engine,1516.79,2025-01-03 07:15:32
Jacqueline,0017319509423x087,TR1803,Advanced QUT 495,8,17.04,transmission,9168.39,2025-01-10 19:21:54
Kimberly,0019859362958x827,TR1417,Pro Prime 593,10,16.85,transmission,44704.79,2024-12-26 20:58:21
Angela,579.642.0740x1905,IN7685,Elite QUT 818,6,17.88,infotainment,26977.4,2024-12-15 20:55:49
Samantha,697.130.5645x8952,SU3896,Elite QUT 240,3,18.2,suspension,14404.54,2025-01-05 07:41:59
Mark,5145615926,SC4799,Basic X 400,4,16.92,seatandcover,3353.62,2025-01-11 15:53:32
William,5290137153x472,IN1652,Pro Max 935,2,17.44,infotainment,5269.0,2024-12-22 20:43:44
Jessica,888.727.2778,SU3004,Turbo Prime 303,1,17.63,suspension,4884.88,2025-01-09 09:53:21
Morgan,(980)3215676x986,BA4186,Elite Ultra 891,10,18.44,battery,28814.12,2024-12-14 20:41:17
Barry,2242927195x99389,TI3174,Turbo Ultra 802,5,17.65,tire,13551.42,2024-12-21 17:36:40
Richard,(989)7816645,TI6105,Advanced X 712,7,18.4,tire,6269.97,2025-01-08 12:04:11
Scott,+15671277723x21529,BA2122,Elite X 709,7,17.09,battery,32639.4,2025-01-04 12:11:22
Zachary,0018733867209,SU6662,Advanced Max 849,2,18.1,suspension,6686.06,2025-01-02 03:15:15
Alyssa,8107460470x8779,TI8016,Basic Prime 333,8,17.29,tire,11207.78,2024-12-21 14:15:37
Alyssa,+17684901133x3458,PA2474,Turbo Max 493,8,16.92,paint,13713.57,2024-12-18 13:02:49
Sarah,+16338105024,EN4614,Turbo Prime 455,1,18.38,engine,1050.13,2024-12-30 23:43:29
Jennifer,2591426677,SC2154,Elite Ultra 647,1,17.44,seatandcover,3743.45,2025-01-06 23:35:08
Mario,0012355929665,EN5865,Pro Prime 875,9,17.24,engine,30496.49,2025-01-03 06:27:54
Rebecca,0018627146308x7340,PA5450,Turbo Ultra 679,3,16.55,paint,641.34,2024-12-30 19:32:26
Mary,4900938555,SU4147,Advanced Max 815,8,17.52,suspension,22104.77,2024-12-15 00:06:55
Kristin,940.201.8519x42593,SC4561,Elite QUT 354,9,17.66,seatandcover,36915.82,2025-01-06 01:58:42
Linda,(856)6671807x41517,BA3910,Advanced Max 793,6,17.35,battery,12214.62,2024-12-20 03:36:02
Sheila,661.890.2665x00925,BR7929,Turbo Prime 219,9,16.85,brake,7973.18,2024-12-13 17:22:52
Cassidy,497.541.5270x764,DT1354,Advanced Prime 145,3,18.35,decalandtint,11999.78,2025-01-03 20:16:12
Jaclyn,5398136420,DT2266,Turbo Max 304,6,18.0,decalandtint,13617.48,2025-01-09 21:36:49
Jennifer,+15972964384x595,BR5044,Advanced Prime 795,3,17.93,brake,2437.16,2024-12-28 14:45:43
Jamie,+19616303758x383,SC2331,Pro Ultra 873,1,17.95,seatandcover,541.24,2024-12-22 20:36:28
Theresa,0017312245209x98626,DT3201,Turbo Prime 312,2,16.93,decalandtint,2419.86,2024-12-17 03:45:09
Julie,4754696816,WH5928,Pro Prime 349,2,18.31,wiringharness,1401.67,2024-12-30 04:24:30
Julie,3064979976x5592,EN8679,Turbo Max 411,2,18.2,engine,4394.16,2025-01-09 17:42:05
Haley,0017283417241,TR8781,Basic Ultra 982,9,17.07,transmission,37280.85,2025-01-05 06:30:20
Frank,790.892.6340x95055,BR1174,Basic X 817,8,18.0,brake,4530.34,2024-12-17 22:55:27
Annette,186.069.4328,IN4995,Pro QUT 881,2,17.71,infotainment,2576.97,2024-12-23 22:18:19
Cory,+13386260441,EN9591,Basic Max 646,2,18.07,engine,5558.39,2024-12-24 11:51:17
Aaron,4506090390x2138,TR2101,Turbo Max 751,8,16.69,transmission,17295.16,2024-12-17 06:05:09
Maria,(511)3512283x78991,IN1830,Pro QUT 302,3,16.78,infotainment,5756.73,2024-12-31 06:41:42
Ryan,385.486.7190x61548,IN4027,Advanced X 720,8,17.12,infotainment,33552.58,2024-12-16 18:51:23
Natalie,5213580583,DT9433,Elite QUT 399,8,16.7,decalandtint,3429.52,2024-12-19 17:15:57
Ashley,1101576675x50271,TR7665,Advanced Prime 552,10,18.39,transmission,24153.53,2024-12-17 18:50:22
Kimberly,(650)7692577,IN4576,Elite Prime 801,1,18.49,infotainment,4584.01,2024-12-20 23:22:47
John,0019093813192,PA1005,Pro Prime 851,1,16.98,paint,843.63,2025-01-03 04:18:16
Jennifer,349.910.7002x072,TR9430,Pro Max 787,1,16.93,transmission,4861.46,2025-01-12 15:03:23
Cheyenne,(032)8031280,BR3654,Turbo QUT 336,7,17.29,brake,31142.53,2024-12-16 13:59:42
James,0018790786407x27313,PA7167,Elite Prime 552,10,17.11,paint,35364.5,2024-12-26 19:12:09
Julie,6162698642x68481,SC5449,Pro QUT 835,6,17.0,seatandcover,14207.36,2025-01-07 04:37:24
Teresa,(150)8746977x57883,DT1635,Elite Max 504,7,18.26,decalandtint,17037.87,2025-01-11 18:55:39
Alyssa,(334)4664420x329,TI7096,Pro Ultra 798,5,16.64,tire,20421.4,2024-12-29 05:12:27
Tyler,+18770987009,BR2494,Pro X 469,9,18.16,brake,43425.83,2024-12-16 11:46:29
Craig,918.326.9423,SU2851,Pro Prime 178,10,17.6,suspension,5635.26,2024-12-15 10:29:36
Debbie,+19744243863x308,SU5001,Basic Max 982,10,18.3,suspension,44227.11,2025-01-02 12:07:51
Penny,9534308917x483,SC4593,Turbo QUT 730,3,18.17,seatandcover,7470.24,2024-12-24 15:44:51
Amanda,(678)5644845x9400,WH4700,Advanced QUT 153,8,16.95,wiringharness,4381.75,2024-12-16 02:59:12
Michael,6597758220,EN9788,Advanced Prime 679,5,17.35,engine,622.08,2024-12-22 00:43:49
Ralph,123.447.9434,SC7040,Turbo Prime 964,5,18.33,seatandcover,16294.42,2025-01-04 11:35:32
Amy,(395)5937174,DT7916,Elite Max 446,10,16.95,decalandtint,1996.91,2024-12-18 23:58:55
Christina,(606)0617350x2787,TR9103,Basic QUT 691,1,17.9,transmission,4923.8,2025-01-04 08:32:53
Meghan,022.371.0180x08515,BR5799,Pro Ultra 516,5,17.09,brake,12814.87,2025-01-03 18:11:49
Amber,819.344.0372x3500,PA9911,Pro X 989,7,17.78,paint,10461.83,2024-12-30 18:08:54
Mary,+17586008028x1378,IN6929,Pro Prime 362,6,18.14,infotainment,6805.35,2024-12-24 15:31:24
Yolanda,303.702.0273x71586,IN3589,Basic Max 222,9,17.92,infotainment,35556.42,2024-12-25 12:50:50
Deborah,933.146.7624x494,DT9188,Basic X 504,2,18.32,decalandtint,9779.33,2024-12-14 04:57:15
Abigail,370.165.1705,BR2233,Elite QUT 567,10,16.73,brake,25307.17,2024-12-16 08:40:53
Joanne,049.432.9844x8116,BR2903,Pro Max 837,2,17.79,brake,7915.26,2025-01-11 11:15:05
Tracie,159.446.7766x64128,BR2276,Pro X 854,8,17.42,brake,9545.45,2024-12-20 05:46:30
Alyssa,+19960526840,PA4777,Advanced Prime 261,1,17.12,paint,1304.53,2024-12-17 01:03:30
Melissa,0015000353130x39925,BR3086,Basic Max 394,10,18.16,brake,5821.1,2024-12-30 04:15:31
Krista,6172690529x750,IN3284,Elite Max 171,4,16.74,infotainment,12193.8,2024-12-27 08:55:35
April,898.269.7973,BA5736,Elite Max 989,7,17.76,battery,27941.6,2024-12-27 15:12:07
Courtney,958.684.6447x9100,SC2235,Basic QUT 121,1,17.07,seatandcover,2932.41,2024-12-17 11:39:31
Nicole,(863)0698057x3585,SC5751,Elite Prime 873,5,18.1,seatandcover,10422.62,2024-12-31 08:03:08
Denise,+10037674491x041,PA1262,Pro QUT 906,7,17.21,paint,8976.39,2025-01-12 11:45:55
Melissa,3895327615,EN5817,Basic QUT 953,3,17.68,engine,10280.18,2024-12-21 20:53:03
Samantha,1211676257,DT2233,Advanced Max 358,2,17.91,decalandtint,7509.01,2024-12-18 14:27:42
Taylor,+13459326894,PA4132,Advanced QUT 360,8,17.34,paint,5880.57,2025-01-06 19:53:01
Joseph,(851)4539651x0703,SC2050,Turbo X 505,9,17.36,seatandcover,41045.73,2025-01-12 09:00:50
Angel,+14194604196x3853,EN8147,Basic Ultra 282,5,17.03,engine,3037.4,2024-12-21 04:26:57
Brittany,186.182.8173x252,SU8563,Elite QUT 516,7,18.49,suspension,24505.96,2025-01-05 10:48:11
Linda,0014660381723x770,BA4874,Elite QUT 592,8,17.4,battery,10941.69,2024-12-24 20:05:59
Phillip,3963111634x015,WH2177,Advanced QUT 276,3,16.55,wiringharness,6089.9,2025-01-10 06:24:00
Linda,906.021.2175,EN5512,Turbo Max 441,10,17.42,engine,31831.69,2024-12-23 11:15:15
Jason,+12416545981x336,TR5750,Elite QUT 306,9,17.14,transmission,10736.53,2024-12-13 12:44:26
Jennifer,(913)3464600,WH7116,Turbo Max 789,9,18.48,wiringharness,26217.24,2025-01-08 17:53:13
Jenna,0610190400x689,SC2825,Turbo QUT 155,10,16.51,seatandcover,40795.67,2025-01-12 13:30:39
Kristina,(711)9063330,PA5771,Basic QUT 173,3,17.27,paint,11939.23,2025-01-01 17:47:40
Andrea,+13375855906x66976,SC2861,Turbo QUT 462,4,16.69,seatandcover,9554.13,2024-12-17 10:38:23
Taylor,(033)6627488,SC1834,Turbo X 601,3,16.72,seatandcover,5882.37,2025-01-09 21:38:49
Kristen,(530)6521356x55239,PA4324,Turbo Prime 684,9,17.94,paint,13511.25,2024-12-28 11:57:29
John,(169)8934029x4558,SU8230,Turbo X 157,5,16.74,suspension,11813.91,2024-12-18 11:55:08
Matthew,0016725135530,TR4830,Pro Max 184,9,18.19,transmission,27198.97,2024-12-15 19:50:04
Mark,0011549014274x418,BA8105,Basic Max 179,5,17.62,battery,4470.2,2024-12-14 12:16:27
Chris,(911)8390285,IN6805,Basic QUT 397,3,17.15,infotainment,5754.55,2024-12-13 12:57:28
Melissa,1292524874,EN7773,Elite QUT 504,5,17.99,engine,3560.43,2024-12-27 06:06:01
John,+10435367540,TR7396,Advanced Prime 954,3,18.16,transmission,2098.18,2024-12-15 23:58:06
Caitlin,(434)4235281,PA3428,Pro X 450,3,17.25,paint,4506.23,2024-12-13 10:53:17
Sharon,7591342040,PA8627,Advanced Ultra 118,4,17.88,paint,8231.24,2024-12-20 05:18:49
Anthony,4456629819,SC4461,Pro Max 554,5,17.94,seatandcover,13039.24,2025-01-04 10:17:00
Sandra,549.717.6161x474,IN9409,Basic X 920,10,18.14,infotainment,14096.88,2024-12-18 08:31:18
Garrett,+12963228133x544,BA1260,Turbo QUT 829,10,17.39,battery,40780.98,2024-12-28 21:38:36
Laura,890.544.6879x0460,PA8438,Pro QUT 369,4,17.22,paint,697.67,2024-12-24 01:32:41
James,0011348306198x314,TR3884,Pro Prime 331,3,17.48,transmission,14898.78,2025-01-08 05:36:01
Elizabeth,0016617104257,BR6686,Turbo Prime 333,2,16.53,brake,1788.67,2025-01-04 18:18:10
Joel,5322737225x4024,BR8406,Turbo X 929,3,18.44,brake,13010.96,2024-12-15 23:31:31
Sabrina,7883637805,PA9128,Advanced X 710,4,17.64,paint,14853.45,2024-12-13 16:00:58
Ashley,9917531210x615,WH4475,Elite QUT 631,8,17.16,wiringharness,38439.39,2024-12-30 00:43:56
Brittany,2548182562,EN1515,Basic QUT 645,10,16.68,engine,24979.81,2025-01-12 10:54:28
Stacey,(054)3347084,TR4944,Basic Ultra 181,9,16.51,transmission,37534.03,2024-12-24 00:23:46
Amanda,9032960276,IN9699,Basic X 220,2,18.3,infotainment,4322.57,2025-01-04 08:17:37
Scott,587.714.1631x151,DT2067,Basic Prime 208,8,16.55,decalandtint,14700.44,2025-01-08 17:25:50
Janice,(635)7058244x9020,TI6261,Basic QUT 237,4,16.89,tire,8539.48,2025-01-08 14:35:32
Melissa,+14569463357,WH2156,Elite QUT 258,10,18.18,wiringharness,4942.82,2025-01-08 19:42:33
Regina,2042438961x67766,TI3791,Elite Max 113,2,18.27,tire,2613.3,2025-01-01 19:17:38
Christopher,3403922623,BR7718,Elite Ultra 798,9,17.67,brake,9469.05,2024-12-20 09:46:12
Roger,0019802009244x4963,BR7154,Advanced X 676,9,17.0,brake,14926.11,2024-12-22 14:32:19
Angela,4388058185,WH6689,Advanced Max 907,1,18.35,wiringharness,3127.19,2025-01-02 03:29:59
Jeremy,+11777899799,IN9671,Turbo Prime 513,1,17.94,infotainment,4776.38,2024-12-23 05:51:35
Julie,0019188090069x67305,TR4177,Elite Prime 414,7,17.86,transmission,15553.16,2024-12-17 11:43:21
Adam,+19379191496x24302,SC6301,Advanced Max 751,5,18.12,seatandcover,16522.19,2024-12-30 06:51:36
Yvonne,+13502676164,EN9909,Advanced X 646,6,18.16,engine,18915.52,2025-01-01 04:25:10
Amy,269.253.8056,TR9381,Elite Prime 400,1,18.14,transmission,886.31,2024-12-19 18:30:20
Shelley,3152781817,BA4107,Turbo QUT 785,9,18.21,battery,14387.0,2024-12-23 23:55:36
Kelly,028.273.7264x8072,BR2538,Advanced QUT 252,1,18.0,brake,3758.76,2024-12-26 05:42:10
Whitney,126.913.6744x8117,SU7302,Pro QUT 834,4,17.83,suspension,5325.18,2025-01-05 05:11:26
Roger,0016325104351x2386,SC7443,Turbo QUT 775,4,18.06,seatandcover,1640.07,2025-01-04 03:46:01
Brian,0196916888x0911,PA7671,Turbo Ultra 261,8,17.15,paint,25909.14,2024-12-17 02:59:57
James,0016999065960x784,SC3903,Basic X 600,5,16.58,seatandcover,922.5,2024-12-27 09:29:04
Jacqueline,0010404432438x133,TR7690,Pro Prime 864,2,16.92,transmission,4502.04,2024-12-20 20:29:38
Jillian,(108)2212688x37733,BR4134,Advanced Ultra 721,10,17.57,brake,1129.65,2024-12-29 09:33:44
Cameron,(906)4488489,EN3341,Basic QUT 846,10,16.57,engine,27528.36,2025-01-08 21:39:20
Nancy,648.561.9171x2551,BR3534,Turbo Prime 479,4,17.04,brake,1843.06,2025-01-09 19:31:44
Stephanie,0014624849084x827,TI1561,Advanced Max 643,5,16.87,tire,17854.71,2024-12-25 08:17:48
James,(034)9419729x41502,PA6381,Advanced Ultra 166,10,17.5,paint,44547.61,2025-01-05 03:42:53
Gregory,5012556051x99595,TI7102,Pro Prime 741,9,16.8,tire,3003.24,2024-12-15 11:04:46
Dustin,9872767847,PA5103,Turbo X 102,3,18.14,paint,4523.87,2025-01-09 03:09:15
Susan,(507)6294531x32960,IN2166,Elite QUT 554,9,18.42,infotainment,4003.8,2024-12-15 23:09:43
Courtney,0017545710054x6936,SC8987,Turbo X 364,10,16.56,seatandcover,42949.51,2024-12-29 08:29:45
Jeffrey,0011914906456x256,PA2593,Basic Prime 429,5,17.37,paint,15651.31,2024-12-16 23:19:21
Lindsey,0011865451927,BA1995,Pro Max 392,1,16.84,battery,764.46,2025-01-04 03:19:13
Shelly,172.092.5043,TI6141,Elite Prime 462,2,17.48,tire,5206.66,2024-12-14 20:54:01
Evan,+15791995005,WH8727,Advanced X 503,10,17.86,wiringharness,28200.62,2025-01-05 00:15:25
Valerie,6769549990,EN4756,Pro Max 863,1,16.81,engine,2340.94,2024-12-16 22:12:05
Dana,3808708001x257,IN8441,Basic X 579,8,16.64,infotainment,19299.65,2025-01-05 22:03:42
Troy,+11628725721,BA5372,Advanced X 385,1,16.51,battery,943.25,2024-12-27 09:55:37
Nichole,076.910.7911x927,DT8242,Elite Prime 838,7,17.9,decalandtint,3088.76,2025-01-09 23:50:13
Eric,0010106551567,BA3592,Advanced Ultra 258,1,16.65,battery,1344.96,2025-01-02 09:28:46
Christina,0312707682,TR1091,Advanced QUT 651,3,17.68,transmission,13222.84,2024-12-20 08:45:27
Linda,2611883390,EN9857,Basic Prime 951,7,18.25,engine,18139.18,2024-12-15 13:48:09
Danny,0011095351525x39088,TI3908,Basic X 855,4,18.05,tire,12786.29,2024-12-18 03:56:25
Katherine,0012957282752,WH5761,Pro Prime 991,7,18.49,wiringharness,27885.71,2025-01-10 17:37:06
Paige,2455349645,PA4987,Elite Prime 772,3,17.96,paint,8651.69,2024-12-17 03:32:25
Lisa,0017424307470x1539,SU6580,Advanced Ultra 438,6,16.56,suspension,21687.84,2024-12-21 17:16:30
Deborah,636.124.1428,IN5143,Pro Prime 595,3,17.58,infotainment,13301.85,2024-12-21 04:52:07
Savannah,0017666381165,WH2152,Elite Ultra 462,5,18.49,wiringharness,19666.66,2024-12-27 00:44:50
Elizabeth,665.676.3014x5805,WH1888,Elite Max 788,6,18.18,wiringharness,14246.44,2025-01-11 05:27:02
Kevin,199.209.1630x4341,BR8885,Basic X 646,8,16.78,brake,8442.73,2024-12-21 21:55:28
Jessica,(410)3480189x42333,TI7245,Pro X 193,4,16.57,tire,4000.37,2024-12-24 09:58:02
Justin,1371072566,PA9403,Advanced Max 724,8,18.41,paint,23966.77,2024-12-14 02:22:26
Deborah,0017299036314x81947,DT3266,Pro Prime 118,7,17.95,decalandtint,33030.05,2024-12-14 11:23:56
Erika,0013631601554x229,IN1349,Pro Prime 600,6,17.66,infotainment,11379.8,2025-01-11 13:35:34
Alyssa,+11403269651x7916,BA7050,Turbo Ultra 605,10,18.02,battery,18249.02,2024-12-30 09:06:15
Dawn,0019012764364x2117,EN4234,Turbo Prime 810,3,17.6,engine,8624.05,2024-12-20 15:02:15
Kristie,4226231623,IN5002,Elite Ultra 949,7,17.41,infotainment,25725.27,2024-12-19 10:00:02
Frank,(991)0606445x888,SU7531,Basic Prime 144,7,17.17,suspension,6929.01,2024-12-18 21:21:55
Ann,(150)3861918x194,WH8364,Elite Prime 307,5,18.28,wiringharness,12284.35,2025-01-01 18:28:36
Amanda,9866153720,EN2195,Turbo Ultra 606,3,16.82,engine,4009.88,2025-01-04 11:22:17
Casey,+12849732671,DT9529,Pro QUT 844,3,16.99,decalandtint,1156.04,2024-12-29 02:32:21
Joseph,6188659112x437,WH4008,Elite Ultra 243,1,18.19,wiringharness,2132.62,2024-12-16 01:44:47
Stacy,0013373933464,WH1141,Basic QUT 679,2,16.58,wiringharness,7668.71,2025-01-10 05:40:19
Amy,0013497992730x51762,WH7154,Turbo Max 181,1,18.11,wiringharness,3367.36,2024-12-20 20:56:56
Taylor,7339836037,PA5052,Elite Prime 267,10,16.77,paint,2755.75,2024-12-20 08:52:39
Tara,888.658.7107,SU8125,Basic Max 780,4,16.72,suspension,12694.09,2024-12-15 14:58:33
Shirley,3872419880,IN5997,Elite Prime 786,2,17.11,infotainment,4222.31,2024-12-28 09:28:04
Stephanie,0429185687x99941,BR8297,Basic Ultra 579,2,18.38,brake,5249.77,2025-01-06 05:05:35
Curtis,530.186.8939x5675,SC5057,Pro Ultra 933,6,17.74,seatandcover,5745.08,2024-12-18 05:15:52
Joseph,0017168433225x7574,DT2258,Elite X 661,4,17.99,decalandtint,8807.15,2025-01-05 03:59:52
Kevin,7559350231,EN1448,Pro QUT 655,3,17.45,engine,7637.12,2024-12-13 20:41:14
Michael,(316)9549526,EN9946,Advanced QUT 330,3,17.67,engine,1944.22,2024-12-26 18:00:22
Emily,0010921070383x7556,BR9652,Turbo Max 939,9,18.24,brake,19377.83,2025-01-09 22:19:17
Andrea,(593)1442035x472,EN7673,Basic X 920,3,17.91,engine,14542.37,2025-01-01 15:55:23
Shelby,(189)8126660,BA5889,Basic QUT 307,10,18.05,battery,14981.72,2024-12-27 04:11:41
Stephen,0014612385692,EN4062,Pro X 764,5,17.11,engine,17726.63,2025-01-06 15:43:38
Jennifer,0014596864590x60497,EN4377,Turbo QUT 295,10,16.88,engine,18479.0,2024-12-30 16:14:57
Hannah,0013213624987x344,BA2477,Pro X 271,8,18.19,battery,20222.87,2024-12-26 02:24:53
Christine,853.094.4978,DT6734,Advanced Ultra 780,10,17.14,decalandtint,10682.55,2024-12-13 14:23:09
Elizabeth,(651)0251134x6970,BA7816,Elite X 206,6,17.67,battery,8763.34,2024-12-20 15:05:43
Margaret,(051)7435767x04517,TR1112,Turbo Prime 375,10,17.21,transmission,33133.72,2024-12-19 11:05:43
Mark,9393913540x3766,TR6448,Basic X 410,6,17.16,transmission,13057.64,2024-12-17 23:58:29
Gabrielle,0012721894355x4168,BA4757,Pro Max 550,8,16.87,battery,17886.18,2025-01-01 13:21:14
Christopher,+16342232134x4081,WH7114,Advanced X 900,3,18.1,wiringharness,9602.61,2024-12-30 04:39:21
Rachel,9951161820x7932,IN3462,Elite Ultra 641,7,16.51,infotainment,16196.1,2024-12-16 08:04:58
Stephanie,(496)6712411x77479,IN2031,Advanced Max 301,1,17.71,infotainment,4267.06,2025-01-12 13:04:17
Erika,427.061.2307,IN7489,Advanced Prime 578,9,18.19,infotainment,1589.29,2024-12-17 06:06:38
Kara,+15589975430x89512,SU7897,Elite Prime 587,1,16.77,suspension,3242.36,2025-01-04 17:01:06
Jessica,(986)7127216,PA9706,Advanced X 908,1,17.25,paint,3726.67,2024-12-16 13:20:17
Diana,8586084949,WH1406,Turbo QUT 420,2,16.82,wiringharness,1942.79,2024-12-14 18:39:53
Jennifer,+10924247797x40712,BR4108,Elite Max 797,2,18.24,brake,1117.42,2024-12-21 19:49:56
Glen,3603631834,EN4375,Advanced Prime 669,6,18.12,engine,12536.71,2024-12-25 19:29:35
Tiffany,983.962.1196x93490,BA3756,Turbo Max 353,9,18.41,battery,3464.09,2025-01-02 07:49:40
Annette,975.960.0381x802,WH7998,Elite Ultra 937,8,18.0,wiringharness,19626.35,2025-01-12 09:56:46
Heather,034.212.5100,EN3175,Turbo QUT 548,5,16.75,engine,15072.34,2024-12-15 05:28:42
Dawn,+11446975251x983,IN9099,Elite X 426,5,17.41,infotainment,10338.46,2024-12-26 18:10:18
Jason,+12294224903x3264,PA5419,Turbo X 449,1,17.35,paint,4048.23,2025-01-12 11:56:31
Elizabeth,022.360.9716,WH3365,Pro Ultra 725,9,17.33,wiringharness,29602.54,2025-01-07 04:25:55
Daniel,0018056311872x286,SU7243,Turbo Max 162,4,17.79,suspension,18750.02,2024-12-19 11:43:14
Stephen,8095695355x867,SC3943,Elite Prime 598,10,16.52,seatandcover,27148.6,2024-12-18 09:04:52
Jason,+15966326333x4006,WH6749,Advanced X 796,3,18.47,wiringharness,6391.77,2024-12-27 02:41:01
Kristy,150.493.3314x801,SC2849,Advanced Ultra 908,8,18.44,seatandcover,15862.34,2024-12-15 18:07:46
Susan,(461)6370284,BR2519,Elite Max 833,6,17.05,brake,2339.17,2025-01-06 15:28:10
Lisa,0012430857010x95185,SU5316,Basic Ultra 521,8,18.03,suspension,23007.9,2024-12-26 19:31:33
Kathryn,(446)3907264x4849,TI5493,Elite Max 749,7,18.36,tire,18324.05,2025-01-03 15:29:34
Brandy,190.574.3178x29822,WH3864,Turbo Max 293,9,17.57,wiringharness,28340.73,2024-12-30 21:49:05
Tara,(507)7312936x270,DT1772,Basic QUT 857,5,17.67,decalandtint,17052.11,2025-01-01 02:26:57
Maria,(398)1608902,PA8104,Advanced Ultra 809,8,17.13,paint,39361.57,2025-01-06 16:37:36
Katie,4887190039x5028,BR4489,Advanced Ultra 574,8,17.83,brake,6281.26,2024-12-19 10:53:27
Kylie,+17918558554x95783,TR7493,Pro Prime 530,2,17.61,transmission,8797.02,2024-12-25 18:10:16
Nancy,(055)6132787x48582,TR1591,Basic Prime 470,1,18.27,transmission,3846.31,2025-01-11 13:39:30
Kristen,451.726.8131,BR2460,Basic QUT 423,5,17.57,brake,8207.99,2024-12-19 22:44:20
Sylvia,(146)3881510,EN7974,Elite Ultra 138,10,18.15,engine,2882.89,2024-12-25 10:44:09
Lauren,(202)2242399,SU6168,Pro Max 487,9,17.79,suspension,3073.82,2024-12-25 23:22:48
Nicole,+12556898295x842,BA4972,Turbo Max 819,4,16.82,battery,5597.11,2024-12-31 20:28:17
Peter,124.257.4307x604,BR7580,Basic QUT 689,5,18.42,brake,18659.93,2024-12-14 08:05:52
Chelsea,+11935324152x9911,PA8387,Pro Max 758,4,18.5,paint,5615.64,2024-12-21 08:31:08
Charles,+18193638511x9858,TI7206,Turbo Max 971,2,17.5,tire,9609.96,2024-12-27 21:49:21
Mark,(963)7011079x51411,BA4383,Advanced Max 830,8,17.92,battery,13999.22,2025-01-06 15:37:58
Duane,380.713.3739,EN4610,Elite X 925,8,16.5,engine,1241.58,2025-01-09 15:12:09
Dustin,0013332313271x8475,TR5637,Turbo Ultra 793,3,17.43,transmission,1577.53,2025-01-01 20:36:28
Sharon,(244)9484322,SC8676,Advanced X 687,7,18.45,seatandcover,30065.92,2025-01-09 11:56:20
Andrew,272.155.6314x328,TR2352,Turbo Prime 934,3,17.42,transmission,7838.98,2024-12-26 08:03:05
Kristen,7974065043,SU8843,Pro X 433,6,17.43,suspension,18150.84,2024-12-24 06:11:37
Christina,+11326711964x98499,BR3302,Basic Prime 743,4,17.82,brake,14892.06,2025-01-01 02:41:11
Kimberly,(792)3701952x16172,BR4817,Turbo Prime 423,8,17.17,brake,31098.76,2024-12-13 19:10:04
Mary,(083)8219622,PA2519,Advanced QUT 985,6,18.19,paint,21269.3,2025-01-02 22:14:53
Erin,(634)2899613x238,TR3952,Advanced X 300,3,17.02,transmission,14754.27,2024-12-20 16:00:47
Emily,9634597293,IN2770,Advanced Prime 491,2,18.07,infotainment,2646.95,2024-12-18 00:49:47
William,8986045007,SC8868,Turbo Ultra 994,7,16.84,seatandcover,23230.9,2025-01-06 18:53:46
Heidi,(636)9526455x1521,TI5543,Pro Max 382,6,16.94,tire,25516.69,2025-01-01 21:19:12
Maria,(983)6013262x317,PA3077,Turbo Max 774,1,18.0,paint,1782.38,2025-01-01 21:03:57
Meredith,362.068.0901,IN1213,Turbo X 779,1,17.23,infotainment,4413.05,2024-12-20 19:34:13
Thomas,(997)0247848,EN5278,Turbo X 584,4,17.05,engine,4319.4,2024-12-17 09:09:59
Jill,(968)1198165x883,SC3106,Basic Ultra 464,1,17.07,seatandcover,2233.58,2024-12-21 11:27:44
Brian,678.494.2202x240,PA9583,Elite Prime 330,6,17.31,paint,14959.2,2024-12-20 07:04:10
Mark,(620)2619587x9582,SU9852,Basic QUT 597,4,17.39,suspension,11438.57,2024-12-29 12:53:44
Douglas,230.537.8984x9313,BR9289,Basic X 486,1,17.35,brake,3305.16,2024-12-26 13:52:26
Deborah,(804)1769958,EN2034,Basic Max 271,2,16.92,engine,4848.41,2025-01-01 10:47:49
Christina,084.414.6086,PA7975,Advanced QUT 644,6,17.96,paint,12947.04,2025-01-05 06:50:40
Molly,(332)5863665,EN9044,Turbo Prime 184,1,17.25,engine,2150.85,2025-01-08 01:16:42
Michael,+14452016733x5912,BR3797,Pro Prime 663,9,16.94,brake,16528.75,2025-01-03 18:04:33
Holly,(936)3370605x805,TI8588,Advanced Ultra 923,4,16.55,tire,17332.42,2025-01-08 22:05:51
Erica,0904773056x861,DT6952,Elite QUT 263,4,18.33,decalandtint,17380.1,2025-01-02 18:25:36
Ashley,+11328630941x92442,IN4534,Pro QUT 713,10,16.79,infotainment,45143.27,2025-01-03 23:07:05
Sarah,6313670064,TI9049,Turbo X 676,7,16.73,tire,16648.13,2025-01-05 08:09:18
Jason,9198417653,TR8291,Turbo QUT 502,4,16.88,transmission,2114.28,2024-12-16 02:21:50
Kimberly,0606889900x03430,SU7581,Pro Ultra 945,7,17.34,suspension,9570.72,2025-01-02 14:33:48
Elizabeth,+13693485769x50019,SU4510,Elite QUT 405,5,17.74,suspension,15596.19,2024-12-30 20:07:21
Patricia,0014682766494,TI8349,Elite Max 841,6,18.3,tire,16691.45,2024-12-30 17:15:56
Andrew,0015255757862x754,TI1817,Basic Max 980,7,17.02,tire,13625.22,2024-12-21 04:18:40
Jacob,0019726007238,SU7789,Elite Max 839,1,17.14,suspension,4495.67,2025-01-04 09:48:16
John,962.618.0854x8852,SC5059,Pro Prime 215,4,16.64,seatandcover,19436.35,2025-01-10 02:45:06
Roger,170.150.5619,PA7532,Elite Prime 548,5,17.1,paint,20796.42,2024-12-31 12:02:14
Gary,0011686166261x659,EN9700,Advanced QUT 809,6,16.53,engine,21138.75,2024-12-31 21:13:09
Robert,(536)8631350,DT4427,Pro QUT 216,8,16.88,decalandtint,16770.34,2024-12-30 03:43:11
Katherine,(668)7627542x9832,SC6920,Pro Ultra 833,2,17.25,seatandcover,7759.08,2024-12-25 13:06:52
Angela,(723)4622023,SC7298,Pro Prime 214,2,16.76,seatandcover,5297.59,2025-01-07 07:26:53
Ashley,5728179366x6298,BR1807,Pro QUT 410,1,16.93,brake,2412.69,2024-12-19 13:02:19
Lisa,2376604268,SC4337,Turbo Ultra 606,2,17.56,seatandcover,6436.89,2024-12-18 01:20:00
Natalie,(188)4786942,TI7446,Elite X 618,5,18.1,tire,21830.84,2024-12-25 07:48:43
Elizabeth,(604)8098430x7819,IN9445,Pro Ultra 341,4,18.46,infotainment,8326.52,2024-12-23 08:26:20
Leslie,(089)2336540x398,BR7518,Advanced Max 920,3,17.0,brake,7948.0,2025-01-08 13:58:26
Kyle,0013952651445x18509,TI6103,Basic Prime 611,1,18.01,tire,4808.53,2024-12-13 19:12:15
Sarah,7717700262x1036,EN1720,Elite Max 189,6,16.9,engine,2920.69,2024-12-17 14:59:11
Karen,(805)9889862x70936,TR6267,Turbo Ultra 135,3,17.54,transmission,11126.49,2025-01-06 13:19:52
Breanna,(670)7710895,BR7173,Basic Prime 667,8,17.82,brake,16464.7,2024-12-15 19:24:13
Nicole,(557)5266206,TI1822,Advanced Prime 387,7,17.8,tire,1041.5,2025-01-02 14:36:48
Luis,0019878721261x5930,EN3381,Elite Prime 415,9,16.57,engine,29687.02,2024-12-16 03:03:06
Jacqueline,8858508645,PA9770,Turbo Prime 850,5,17.4,paint,12367.14,2025-01-02 22:48:28
Linda,(112)5956161x81428,TI6315,Advanced Prime 179,6,17.28,tire,22030.38,2025-01-08 13:46:24
Sandy,(634)2184980,TI5053,Basic X 262,8,17.62,tire,37941.28,2025-01-06 14:49:45
Kimberly,(132)5123758x74747,SU6315,Basic Ultra 914,8,17.71,suspension,26375.24,2024-12-30 05:16:31
Andrew,7494691533,BR3728,Elite Prime 539,5,18.39,brake,7267.58,2025-01-09 00:57:19
Jennifer,(595)0772534x56544,DT8546,Basic QUT 516,8,16.58,decalandtint,25577.39,2024-12-31 06:01:23
Thomas,+17956100433x98221,PA7029,Basic X 678,7,16.56,paint,2515.86,2024-12-21 14:04:10
Tom,6955577450x60085,DT4732,Elite Prime 640,10,18.41,decalandtint,26235.18,2024-12-28 22:51:21
Jeff,+18266264223x29369,BR3794,Pro Ultra 188,8,18.42,brake,1283.79,2024-12-21 03:24:00
Stephanie,0018801476432x2055,BR3042,Elite X 805,4,16.8,brake,13051.66,2024-12-17 23:33:40
Kyle,1051003236x149,BR3740,Advanced X 654,7,18.26,brake,23884.38,2024-12-23 09:14:32
Anita,(608)3270255,SU6014,Basic X 935,3,17.61,suspension,2840.48,2025-01-04 07:04:28
Melissa,7558089833x62260,WH2148,Turbo Prime 514,9,17.89,wiringharness,39782.66,2024-12-27 08:22:38
Brandon,0016473066706,DT4682,Basic Prime 603,10,17.88,decalandtint,15226.01,2025-01-09 08:04:14
Jason,(073)2111510x18242,IN8408,Advanced QUT 948,4,18.27,infotainment,6525.33,2025-01-10 15:10:31
Thomas,359.514.9871,PA7633,Elite Max 609,3,16.69,paint,4875.15,2024-12-25 13:59:17
David,(348)2476379x7602,TR5114,Advanced QUT 865,3,16.94,transmission,912.72,2025-01-07 15:46:45
Michael,+14130429942x354,EN1184,Advanced Max 329,8,16.69,engine,6025.27,2024-12-21 23:02:39
Rachael,7800180329,DT3012,Basic QUT 163,2,17.57,decalandtint,955.27,2024-12-19 13:01:40
Stacy,(201)9518288x530,BR2474,Elite X 798,2,17.17,brake,8258.79,2025-01-02 19:59:40
Patricia,+10477006856x2138,IN4105,Turbo X 578,8,16.79,infotainment,5708.22,2024-12-29 09:31:35
Claudia,(811)7209234,DT1475,Turbo Ultra 381,10,17.31,decalandtint,7366.45,2025-01-01 01:10:55
Janice,795.421.6087,DT7290,Basic Max 978,2,16.52,decalandtint,1072.31,2024-12-24 23:24:07
Jesse,0619978597,SC3850,Turbo Max 233,4,17.66,seatandcover,15529.38,2024-12-14 06:44:18
Nathaniel,003.553.8755,EN8783,Elite X 421,2,16.9,engine,1436.34,2025-01-09 06:09:59
Eric,0019295365655x50006,SC8257,Pro Max 537,7,17.09,seatandcover,10093.29,2024-12-28 23:16:36
Shelby,0018688233431,IN6471,Elite Prime 488,4,18.31,infotainment,1860.19,2025-01-11 17:49:27
Wanda,7746466651,SC1331,Pro QUT 406,5,17.14,seatandcover,23844.96,2025-01-03 10:13:48
Mikayla,4419697588,EN3901,Advanced Ultra 664,1,16.87,engine,2302.39,2024-12-17 10:07:11
Amy,+16931714722,BR3344,Turbo Max 530,8,17.33,brake,878.62,2024-12-29 22:23:53
Tiffany,5949339623x1019,BR5560,Turbo X 776,4,17.75,brake,8914.73,2025-01-04 09:33:13
Christopher,(740)9262194,TR4280,Elite Max 758,3,16.59,transmission,14398.73,2024-12-23 14:13:12
Jonathan,0017319161428,EN1730,Basic QUT 164,5,16.72,engine,4066.08,2025-01-01 05:22:07
Christina,391.793.9938,SU9941,Turbo QUT 161,7,17.84,suspension,31381.57,2024-12-28 21:13:45
Cynthia,9696158160,IN2592,Elite Max 461,9,16.78,infotainment,15956.0,2024-12-29 23:03:05
Sheila,(106)7685923,SC3634,Basic Prime 763,2,17.14,seatandcover,2054.83,2025-01-06 19:26:38
Clarence,+16979561994x50210,PA6377,Advanced Ultra 199,1,17.58,paint,2068.42,2025-01-10 21:14:06
Lisa,0018519831777,SC7393,Advanced Ultra 295,3,17.59,seatandcover,10731.97,2024-12-24 09:11:54
Jim,8345356132,PA7271,Advanced QUT 766,7,17.5,paint,33136.51,2024-12-26 13:28:29
Alexandra,+16916702028x187,TR2443,Advanced Prime 333,9,18.44,transmission,43478.61,2025-01-11 09:25:39
Ashley,403.965.4948x783,WH3884,Turbo Prime 199,8,17.86,wiringharness,22739.28,2024-12-13 13:37:12
Jessica,+14695313720x33683,DT5879,Advanced Max 324,9,17.45,decalandtint,32849.26,2024-12-16 17:35:09
Jennifer,6672996292,IN9603,Basic X 468,10,17.97,infotainment,15772.83,2024-12-17 02:05:11
Gregory,1084830409,WH2292,Turbo QUT 731,2,17.24,wiringharness,7218.16,2025-01-12 06:58:22
Kristin,0424694043x727,WH4270,Basic X 579,6,17.57,wiringharness,10469.39,2025-01-03 01:51:35
Diana,(871)4507489x0213,IN3028,Pro QUT 655,9,17.57,infotainment,20337.77,2024-12-24 04:06:31
Julia,248.960.2470,DT8847,Pro QUT 610,3,18.39,decalandtint,1588.19,2024-12-27 11:30:38
Sarah,684.094.3598x8828,SU9527,Basic QUT 141,3,17.44,suspension,482.08,2024-12-18 01:24:04
Yolanda,(975)5988559,TR7957,Basic QUT 310,6,17.04,transmission,20265.52,2025-01-09 02:14:07
Michael,2991906079x38664,TI9389,Turbo Prime 935,5,17.69,tire,13811.07,2025-01-11 23:42:20
Randy,0015709741078,BA6244,Elite QUT 907,2,16.58,battery,2510.32,2024-12-28 20:31:22
Phillip,0015406186509,EN7865,Turbo Max 437,4,18.13,engine,2703.24,2024-12-16 01:47:19
Robin,1880491870x88335,IN1710,Advanced Prime 323,7,17.69,infotainment,31040.1,2025-01-05 02:27:48
Scott,0046668340,DT6158,Elite Max 647,4,17.96,decalandtint,9003.89,2024-12-29 02:50:22
Connie,573.651.3090x731,SC1087,Advanced Max 431,2,18.31,seatandcover,2901.57,2024-12-24 09:53:20
Matthew,(274)8501376,PA5366,Turbo Max 312,10,17.54,paint,7423.53,2024-12-21 16:54:44
Nancy,+17061791562x225,DT7521,Basic Ultra 245,8,17.0,decalandtint,20478.0,2024-12-24 09:43:50
Jessica,0013164630310x9579,PA3569,Pro QUT 582,6,17.88,paint,20904.43,2025-01-08 00:49:42
Chelsea,0422940340x49419,IN1309,Advanced QUT 597,9,17.82,infotainment,34749.44,2024-12-26 19:31:35
Kathleen,(687)5941929x4902,TI5439,Basic Max 634,2,18.47,tire,3676.66,2025-01-04 14:23:24
Kristen,+18362629197x58894,TI1983,Advanced Max 554,4,17.28,tire,7172.6,2024-12-15 18:00:31
Carolyn,0996654759,TR9249,Pro Max 139,7,16.9,transmission,4344.15,2024-12-31 22:28:30
Ashley,(335)0955839x3528,BR1455,Elite QUT 967,3,17.92,brake,1482.54,2025-01-11 08:57:23
Jamie,(736)7694029x6196,SU3151,Turbo Max 467,4,18.12,suspension,7759.31,2025-01-02 18:51:40
Vanessa,0013265790278,WH4634,Basic Max 152,6,17.72,wiringharness,25974.02,2025-01-02 03:33:27
Heather,3094064958x15188,DT3247,Pro Max 190,4,18.42,decalandtint,3743.18,2025-01-08 22:01:12
Michele,616.783.5086x87889,WH8818,Elite X 734,4,17.61,wiringharness,16539.1,2024-12-19 02:33:14
Laura,030.448.6756,BR8167,Advanced Prime 340,3,18.43,brake,13797.05,2024-12-22 11:21:25
Janet,(747)3094683x61567,BR7090,Advanced Prime 369,1,17.6,brake,1422.21,2025-01-01 17:20:24
Nancy,6730288989,SC6435,Turbo Ultra 593,6,17.65,seatandcover,14748.57,2025-01-02 03:48:49
Lisa,374.873.1388x35387,EN4136,Elite X 938,10,17.83,engine,11527.72,2024-12-25 07:51:47
Amber,2148446177x9659,IN9433,Elite QUT 612,6,18.47,infotainment,3723.07,2025-01-03 19:37:38
Laura,6941404811,BA6913,Advanced Ultra 525,4,17.51,battery,2519.98,2024-12-14 07:06:47
Jeremy,(635)7452724,PA8932,Advanced Prime 362,8,17.33,paint,15953.91,2024-12-16 16:16:06
Patricia,9468208668,WH2785,Elite QUT 997,9,17.32,wiringharness,3398.3,2025-01-11 07:15:42
Andrew,5665437549x52900,WH3049,Basic Max 181,1,18.14,wiringharness,2377.4,2025-01-12 01:11:55
Jasmine,0014201692297x14342,BA4945,Pro QUT 563,6,17.88,battery,3678.64,2024-12-22 12:06:57
Molly,823.903.6049,BA3448,Pro Prime 694,3,16.75,battery,12281.85,2024-12-28 10:23:35
Jillian,5778149140x18009,SU4614,Pro Prime 437,5,18.06,suspension,1614.44,2024-12-29 12:49:56
Natalie,578.574.7950x660,BA2322,Pro Max 924,3,17.31,battery,4962.21,2025-01-12 07:18:56
Stacey,0017993489437x5597,SU3328,Advanced Max 858,4,16.86,suspension,16607.43,2025-01-03 02:43:25
Robert,+18186719349,TR5449,Pro Ultra 169,4,17.5,transmission,10812.1,2025-01-01 19:47:40
Robert,6937983940,SU8676,Turbo QUT 533,4,16.58,suspension,5551.05,2025-01-11 10:39:24
Melissa,0014665403463x1502,BR5459,Elite QUT 849,2,17.17,brake,2983.58,2025-01-02 04:45:43
Samuel,8810467687,TR1207,Elite X 322,8,17.3,transmission,7460.47,2024-12-23 18:39:43
Danielle,0996538458,BA3623,Elite X 727,4,16.89,battery,3136.08,2024-12-13 14:57:08
Tammy,0017820743537,EN4842,Pro QUT 256,10,17.11,engine,25421.34,2025-01-10 05:31:49
Erica,0017059754947,EN4059,Turbo X 820,10,17.39,engine,12913.19,2024-12-24 13:21:36
Laura,0015881182949x741,WH4626,Advanced X 357,5,17.43,wiringharness,12723.57,2024-12-25 18:20:48
Angela,523.846.3814,BA1985,Basic Max 663,6,16.8,battery,5321.18,2024-12-14 13:46:45
Julie,8522873360,TI2903,Turbo X 100,8,18.07,tire,1195.86,2025-01-12 12:16:05
Catherine,1084600023x304,EN8218,Turbo Ultra 812,10,17.48,engine,20878.81,2024-12-20 20:05:02
Walter,(081)9593293x11750,BA8376,Basic Prime 925,9,17.64,battery,4871.78,2024-12-19 16:02:50
Nicholas,(623)3784870,BA7072,Basic Max 663,3,17.12,battery,427.25,2025-01-07 06:44:17
Kathleen,684.639.4916x40010,WH5328,Pro X 414,9,17.15,wiringharness,1459.69,2024-12-25 15:19:26
Cole,(042)0938270,BA8981,Pro X 497,3,17.52,battery,9794.33,2025-01-06 14:56:27
Laurie,(473)8569571x391,IN8330,Basic Ultra 314,3,17.92,infotainment,1864.37,2025-01-04 16:05:40
Stephen,416.586.4951,EN8096,Turbo QUT 937,1,16.61,engine,1395.86,2024-12-14 21:11:18
Cheryl,+18901370693,BA5213,Basic X 452,7,17.71,battery,8800.96,2024-12-25 06:21:22
Jerry,+14505105283x5403,EN2820,Basic Ultra 533,10,18.09,engine,2695.84,2024-12-18 21:38:34
Alexandra,0019718748549x9307,WH5956,Advanced Max 889,4,18.09,wiringharness,17536.59,2025-01-12 17:58:03
Kari,6727813585x59658,WH4257,Pro Ultra 204,8,18.0,wiringharness,14872.37,2024-12-22 12:01:01
Kimberly,842.537.2412x51480,SU6820,Turbo QUT 454,3,17.69,suspension,8689.35,2024-12-19 01:57:12
Alexis,0580688407,IN4848,Basic Prime 713,4,16.6,infotainment,9372.13,2025-01-05 04:28:43
Jerome,8035528260,BA3461,Pro QUT 370,4,17.42,battery,18919.61,2024-12-14 10:36:32
Joann,0017950242833,IN7417,Advanced Max 931,7,18.31,infotainment,33939.48,2024-12-19 23:25:16
Christine,(359)7025611,EN3941,Elite Ultra 864,8,16.6,engine,22697.56,2024-12-23 00:59:12
Lauren,(789)5150754x824,IN7542,Advanced QUT 649,5,17.04,infotainment,5869.56,2024-12-26 01:44:43
Megan,(181)9213239x64407,SU4540,Turbo Max 456,1,18.13,suspension,1232.8,2024-12-27 20:21:11
Amy,701.285.9642x980,EN2581,Elite Max 691,9,18.49,engine,3973.92,2024-12-17 13:36:42
Kim,4242852370x72460,SU3423,Advanced Prime 139,8,18.25,suspension,17943.29,2024-12-23 07:26:28
Lacey,0016126113642x472,BR7664,Turbo Max 737,10,17.27,brake,27162.84,2024-12-28 22:55:21
Raymond,6830175366x0158,WH3173,Turbo Prime 491,2,16.69,wiringharness,6527.59,2025-01-01 23:19:52
Christina,573.713.5567,DT8098,Elite Max 980,4,17.74,decalandtint,14122.58,2025-01-10 21:57:09
John,0012816649578x83455,IN6894,Turbo QUT 364,9,17.77,infotainment,1558.76,2024-12-19 12:47:34
Christine,5921431068,IN2249,Advanced Prime 159,5,16.76,infotainment,2594.29,2024-12-20 04:22:17
Vanessa,0019628240387x0618,SC3258,Advanced Prime 756,5,17.96,seatandcover,3588.06,2024-12-22 04:59:10
Joel,0016732522526x8555,WH9606,Advanced Ultra 529,1,17.82,wiringharness,3564.6,2024-12-20 18:37:43
Jennifer,627.529.0074x310,BR4972,Advanced QUT 463,7,17.3,brake,4909.2,2024-12-23 15:40:10
Carol,339.293.4806x0887,IN8173,Elite Max 709,5,18.18,infotainment,9303.37,2024-12-21 05:22:35
Patricia,0016315953938x711,DT3037,Basic Max 130,7,16.95,decalandtint,13215.65,2024-12-23 03:14:36
Brian,+18587672149,PA3410,Turbo Prime 145,6,17.88,paint,27369.6,2024-12-27 06:18:16
Tammy,0017282995486x875,EN1177,Basic Max 269,9,18.5,engine,27836.09,2024-12-31 08:03:07
Sarah,897.276.9169x290,TI8085,Turbo X 789,8,17.35,tire,23949.66,2025-01-01 06:34:38
James,238.785.2396,SC7253,Basic Ultra 642,7,16.91,seatandcover,6321.45,2024-12-23 04:46:14
Wendy,+16538691354x98603,EN9724,Pro Max 826,8,16.59,engine,11789.91,2025-01-01 06:49:48
Brandon,4526468226x90734,TI1927,Pro Max 113,10,17.52,tire,47055.17,2024-12-26 00:08:09
Olivia,+14231631643x48986,WH8101,Basic Prime 246,5,17.22,wiringharness,20467.11,2024-12-28 18:16:50
Stephanie,7896172882,EN8241,Pro Max 649,9,18.12,engine,21335.37,2024-12-21 09:26:30
Samuel,8045551345,TR5619,Pro X 585,2,17.01,transmission,1205.47,2024-12-21 04:40:07
Dawn,(932)4767205,WH7577,Turbo Max 221,3,16.66,wiringharness,14021.48,2025-01-06 00:55:04
Shannon,1390240389x01020,PA5205,Pro Ultra 117,4,17.3,paint,16021.73,2025-01-09 12:41:37
Yvonne,+12244358195x059,DT8924,Turbo X 280,10,17.13,decalandtint,13709.51,2024-12-18 14:15:41
Anita,5447228471,BR6365,Turbo QUT 624,5,16.99,brake,24006.29,2025-01-10 19:37:42
Angela,(424)5145560x229,EN1454,Turbo Prime 672,8,16.74,engine,9246.33,2024-12-31 23:27:47
Jaime,0653643273x5600,TR3248,Elite Prime 543,3,18.25,transmission,1019.28,2024-12-15 04:55:18
Jeremy,353.549.4642x1860,SU9818,Basic Ultra 430,7,18.49,suspension,7025.2,2024-12-13 23:07:46
Peter,118.932.5959x99067,WH2032,Pro Max 408,8,18.3,wiringharness,7428.59,2024-12-18 22:55:27
Jessica,+12703838275x14927,SU1885,Advanced Prime 264,9,17.9,suspension,14261.3,2025-01-08 11:58:22
Megan,0019188872858,SU1257,Turbo Prime 341,3,18.2,suspension,5160.67,2024-12-18 14:21:38
Alicia,0018612573678,DT9411,Advanced Max 251,6,17.4,decalandtint,21498.12,2025-01-08 07:19:43
Brandon,0019026289626x1432,PA7289,Pro Max 406,2,17.31,paint,9463.61,2024-12-30 21:20:41
Elizabeth,0017273030408x058,TI9862,Elite X 918,1,16.65,tire,3258.69,2024-12-15 09:57:21
James,0017831543321x6597,TI4262,Advanced X 290,9,16.63,tire,11827.13,2024-12-13 11:06:33
Kyle,2090891657x0646,PA4632,Advanced Prime 647,2,17.99,paint,8566.0,2024-12-31 18:01:05
George,012.847.9574x139,PA9041,Pro Prime 647,6,17.9,paint,5762.29,2024-12-25 00:03:01
Kathryn,0018665462676,TR3982,Advanced Prime 144,7,17.52,transmission,12566.58,2025-01-10 14:30:54
Melinda,430.205.6823,TI3140,Pro Max 263,4,16.91,tire,18066.67,2025-01-06 09:14:09
Paula,+16301131064x9922,WH6869,Turbo X 503,8,18.26,wiringharness,25573.51,2024-12-22 13:47:15
Katherine,(935)7987575,SU8553,Basic Ultra 919,8,17.27,suspension,21604.39,2024-12-29 01:06:43
Brenda,3580732961x8091,SC9531,Pro QUT 196,4,17.31,seatandcover,16491.38,2025-01-01 13:16:14
Curtis,8581619287x43591,WH5559,Pro Prime 373,5,17.19,wiringharness,10201.87,2024-12-27 16:21:46
Stephanie,0016017972614,BA3450,Pro Ultra 238,2,17.62,battery,4654.24,2025-01-06 09:52:01
Carol,2585497397,SC1375,Turbo QUT 662,6,18.06,seatandcover,23563.47,2025-01-03 12:31:51
Ashley,114.375.3195x7258,TI3971,Basic QUT 906,2,17.55,tire,877.91,2024-12-18 05:23:54
Donna,725.313.6727,BR3069,Elite Max 411,1,16.82,brake,535.4,2024-12-30 06:01:24
Veronica,0010032395337x478,IN1508,Basic Ultra 717,2,17.72,infotainment,2132.33,2024-12-22 03:56:33
Paige,436.121.6510,DT1983,Pro Ultra 170,3,18.44,decalandtint,5673.95,2024-12-13 11:12:16
Tonya,2646387118,BA8699,Advanced QUT 854,7,18.35,battery,2564.16,2025-01-06 20:38:06
Francisco,(394)5306247x264,DT1066,Basic Ultra 871,7,16.86,decalandtint,17169.15,2025-01-11 05:05:28
Angela,0014222606491,DT3057,Basic Prime 232,8,17.23,decalandtint,22230.19,2025-01-05 00:26:58
Jennifer,+18042080854,WH2103,Turbo Prime 602,9,17.14,wiringharness,4789.76,2025-01-03 20:59:30
Ashley,018.489.9047x7230,TI8771,Basic Ultra 219,2,17.38,tire,2201.6,2025-01-09 20:54:27
Zoe,5721126206,IN4101,Basic X 465,2,18.26,infotainment,7193.85,2024-12-29 19:27:20
Stephanie,252.102.9294,WH4149,Advanced QUT 687,6,16.88,wiringharness,22279.12,2024-12-17 10:40:43
Jerry,0012430061985x33080,TR9817,Advanced X 802,5,16.91,transmission,5450.88,2025-01-02 14:31:22
Juan,0011595135983x445,BA2936,Turbo QUT 106,10,18.35,battery,49465.72,2024-12-25 08:40:12
Jenna,9845583069,TR2128,Advanced QUT 251,3,17.58,transmission,10223.79,2024-12-17 15:57:53
Amy,9704811370x0963,TI9885,Pro Max 843,5,17.38,tire,20169.1,2024-12-13 18:43:49
Leon,617.288.8108x4071,SU5879,Advanced Max 460,8,17.33,suspension,33473.59,2025-01-06 09:12:54
Michael,+12030218796x72589,WH1063,Turbo Max 414,3,16.53,wiringharness,13030.83,2024-12-28 10:12:11
Christina,0019377830080,TI7561,Basic X 651,7,17.23,tire,27315.53,2024-12-30 01:02:55
Aarya,9840077071,TR9257,DriveMax 9,5,17.45,transmission,110765.4975,2025-01-12 17:01:28
Aarya,9840077071,EN0001,Torque QUT 4,5,17.52,engine,210657.592,2025-01-12 17:01:28
